ISO-10303-21;
HEADER;
FILE_DESCRIPTION(('STEP AP214'),'1');
FILE_NAME('628-2z.stp','2026-02-16T09:53:26',('TraceParts'),('TraceParts S.A.S.'),'Spatial InterOp 3D',' ',' ');
FILE_SCHEMA(('AUTOMOTIVE_DESIGN { 1 0 10303 214 1 1 1 1 }'));
ENDSEC;
DATA;
#1=PRODUCT_DEFINITION_CONTEXT('',#13,'design');
#2=APPLICATION_PROTOCOL_DEFINITION('INTERNATIONAL STANDARD','automotive_design',1994,#13);
#3=PRODUCT_CATEGORY_RELATIONSHIP('NONE','NONE',#14,#15);
#4=SHAPE_DEFINITION_REPRESENTATION(#16,#17);
#5=SHAPE_DEFINITION_REPRESENTATION(#16,#18);
#6=SHAPE_DEFINITION_REPRESENTATION(#16,#19);
#7=SHAPE_DEFINITION_REPRESENTATION(#16,#20);
#8=SHAPE_DEFINITION_REPRESENTATION(#16,#21);
#9= (GEOMETRIC_REPRESENTATION_CONTEXT(3)GLOBAL_UNCERTAINTY_ASSIGNED_CONTEXT((#24))GLOBAL_UNIT_ASSIGNED_CONTEXT((#26,#27,#28))REPRESENTATION_CONTEXT('NONE','WORKSPACE'));
#13=APPLICATION_CONTEXT(' ');
#14=PRODUCT_CATEGORY('part','NONE');
#15=PRODUCT_RELATED_PRODUCT_CATEGORY('detail',' ',(#30));
#16=PRODUCT_DEFINITION_SHAPE('NONE','NONE',#31);
#17=ADVANCED_BREP_SHAPE_REPRESENTATION('1',(#32,#33),#9);
#18=ADVANCED_BREP_SHAPE_REPRESENTATION('2',(#34,#35),#9);
#19=ADVANCED_BREP_SHAPE_REPRESENTATION('3',(#36,#37),#9);
#20=ADVANCED_BREP_SHAPE_REPRESENTATION('4',(#38,#39),#9);
#21=ADVANCED_BREP_SHAPE_REPRESENTATION('5',(#40,#41),#9);
#24=UNCERTAINTY_MEASURE_WITH_UNIT(LENGTH_MEASURE(1.0E-06),#26,'','');
#26= (CONVERSION_BASED_UNIT('MILLIMETRE',#44)LENGTH_UNIT()NAMED_UNIT(#47));
#27= (NAMED_UNIT(#49)PLANE_ANGLE_UNIT()SI_UNIT($,.RADIAN.));
#28= (NAMED_UNIT(#49)SOLID_ANGLE_UNIT()SI_UNIT($,.STERADIAN.));
#30=PRODUCT('1','','PART--DESC',(#55));
#31=PRODUCT_DEFINITION('','NONE',#56,#1);
#32=MANIFOLD_SOLID_BREP('1',#57);
#33=AXIS2_PLACEMENT_3D('',#58,#59,#60);
#34=MANIFOLD_SOLID_BREP('2',#61);
#35=AXIS2_PLACEMENT_3D('',#62,#63,#64);
#36=MANIFOLD_SOLID_BREP('3',#65);
#37=AXIS2_PLACEMENT_3D('',#66,#67,#68);
#38=MANIFOLD_SOLID_BREP('4',#69);
#39=AXIS2_PLACEMENT_3D('',#70,#71,#72);
#40=MANIFOLD_SOLID_BREP('5',#73);
#41=AXIS2_PLACEMENT_3D('',#74,#75,#76);
#44=LENGTH_MEASURE_WITH_UNIT(LENGTH_MEASURE(1.0),#77);
#47=DIMENSIONAL_EXPONENTS(1.0,0.0,0.0,0.0,0.0,0.0,0.0);
#49=DIMENSIONAL_EXPONENTS(0.0,0.0,0.0,0.0,0.0,0.0,0.0);
#55=PRODUCT_CONTEXT('',#13,'mechanical');
#56=PRODUCT_DEFINITION_FORMATION_WITH_SPECIFIED_SOURCE(' ','NONE',#30,.NOT_KNOWN.);
#57=CLOSED_SHELL('',(#78,#79,#80,#81,#82,#83,#84,#85,#86,#87,#88,#89,#90,#91,#92,#93,#94,#95,#96,#97,#98,#99,#100,#101,#102,#103,#104,#105,#106,#107,#108,#109));
#58=CARTESIAN_POINT('',(0.0,0.0,0.0));
#59=DIRECTION('',(0.0,0.0,1.0));
#60=DIRECTION('',(1.0,0.0,0.0));
#61=CLOSED_SHELL('',(#110,#111,#112,#113,#114,#115,#116,#117,#118,#119,#120,#121,#122,#123,#124,#125));
#62=CARTESIAN_POINT('',(0.0,0.0,0.0));
#63=DIRECTION('',(0.0,0.0,1.0));
#64=DIRECTION('',(1.0,0.0,0.0));
#65=CLOSED_SHELL('',(#126,#127,#128,#129,#130,#131,#132,#133,#134,#135,#136,#137,#138,#139,#140,#141,#142,#143,#144));
#66=CARTESIAN_POINT('',(0.0,0.0,0.0));
#67=DIRECTION('',(0.0,0.0,1.0));
#68=DIRECTION('',(1.0,0.0,0.0));
#69=CLOSED_SHELL('',(#145,#146,#147,#148,#149,#150,#151,#152,#153,#154,#155,#156,#157,#158,#159,#160,#161,#162,#163));
#70=CARTESIAN_POINT('',(0.0,0.0,0.0));
#71=DIRECTION('',(0.0,0.0,1.0));
#72=DIRECTION('',(1.0,0.0,0.0));
#73=CLOSED_SHELL('',(#164,#165,#166,#167,#168,#169,#170,#171,#172,#173,#174,#175,#176,#177,#178,#179,#180,#181,#182,#183,#184,#185,#186,#187,#188,#189,#190,#191,#192,#193,#194,#195));
#74=CARTESIAN_POINT('',(0.0,0.0,0.0));
#75=DIRECTION('',(0.0,0.0,1.0));
#76=DIRECTION('',(1.0,0.0,0.0));
#77= (NAMED_UNIT(#47)LENGTH_UNIT()SI_UNIT(.MILLI.,.METRE.));
#78=ADVANCED_FACE('',(#197),#198,.F.);
#79=ADVANCED_FACE('',(#199),#200,.F.);
#80=ADVANCED_FACE('',(#201),#202,.F.);
#81=ADVANCED_FACE('',(#203),#204,.F.);
#82=ADVANCED_FACE('',(#205),#206,.F.);
#83=ADVANCED_FACE('',(#207),#208,.F.);
#84=ADVANCED_FACE('',(#209),#210,.F.);
#85=ADVANCED_FACE('',(#211),#212,.F.);
#86=ADVANCED_FACE('',(#213),#214,.T.);
#87=ADVANCED_FACE('',(#215),#216,.T.);
#88=ADVANCED_FACE('',(#217),#218,.T.);
#89=ADVANCED_FACE('',(#219),#220,.F.);
#90=ADVANCED_FACE('',(#221),#222,.F.);
#91=ADVANCED_FACE('',(#223),#224,.F.);
#92=ADVANCED_FACE('',(#225),#226,.F.);
#93=ADVANCED_FACE('',(#227),#228,.F.);
#94=ADVANCED_FACE('',(#229),#230,.F.);
#95=ADVANCED_FACE('',(#231),#232,.F.);
#96=ADVANCED_FACE('',(#233),#234,.F.);
#97=ADVANCED_FACE('',(#235),#236,.F.);
#98=ADVANCED_FACE('',(#237),#238,.F.);
#99=ADVANCED_FACE('',(#239),#240,.F.);
#100=ADVANCED_FACE('',(#241),#242,.F.);
#101=ADVANCED_FACE('',(#243),#244,.F.);
#102=ADVANCED_FACE('',(#245),#246,.F.);
#103=ADVANCED_FACE('',(#247,#248),#249,.T.);
#104=ADVANCED_FACE('',(#250),#251,.T.);
#105=ADVANCED_FACE('',(#252),#253,.T.);
#106=ADVANCED_FACE('',(#254),#255,.T.);
#107=ADVANCED_FACE('',(#256,#257),#258,.T.);
#108=ADVANCED_FACE('',(#259),#260,.F.);
#109=ADVANCED_FACE('',(#261),#262,.F.);
#110=ADVANCED_FACE('',(#263),#264,.F.);
#111=ADVANCED_FACE('',(#265),#266,.F.);
#112=ADVANCED_FACE('',(#267),#268,.T.);
#113=ADVANCED_FACE('',(#269),#270,.F.);
#114=ADVANCED_FACE('',(#271),#272,.T.);
#115=ADVANCED_FACE('',(#273),#274,.T.);
#116=ADVANCED_FACE('',(#275),#276,.F.);
#117=ADVANCED_FACE('',(#277),#278,.T.);
#118=ADVANCED_FACE('',(#279,#280),#281,.T.);
#119=ADVANCED_FACE('',(#282),#283,.T.);
#120=ADVANCED_FACE('',(#284),#285,.F.);
#121=ADVANCED_FACE('',(#286),#287,.T.);
#122=ADVANCED_FACE('',(#288,#289),#290,.T.);
#123=ADVANCED_FACE('',(#291),#292,.T.);
#124=ADVANCED_FACE('',(#293),#294,.F.);
#125=ADVANCED_FACE('',(#295),#296,.T.);
#126=ADVANCED_FACE('',(#297),#298,.F.);
#127=ADVANCED_FACE('',(#299),#300,.T.);
#128=ADVANCED_FACE('',(#301),#302,.F.);
#129=ADVANCED_FACE('',(#303),#304,.T.);
#130=ADVANCED_FACE('',(#305),#306,.F.);
#131=ADVANCED_FACE('',(#307),#308,.T.);
#132=ADVANCED_FACE('',(#309),#310,.T.);
#133=ADVANCED_FACE('',(#311),#312,.T.);
#134=ADVANCED_FACE('',(#313),#314,.T.);
#135=ADVANCED_FACE('',(#315),#316,.F.);
#136=ADVANCED_FACE('',(#317,#318),#319,.T.);
#137=ADVANCED_FACE('',(#320),#321,.T.);
#138=ADVANCED_FACE('',(#322,#323),#324,.T.);
#139=ADVANCED_FACE('',(#325),#326,.F.);
#140=ADVANCED_FACE('',(#327,#328),#329,.T.);
#141=ADVANCED_FACE('',(#330),#331,.T.);
#142=ADVANCED_FACE('',(#332,#333),#334,.T.);
#143=ADVANCED_FACE('',(#335),#336,.F.);
#144=ADVANCED_FACE('',(#337,#338),#339,.T.);
#145=ADVANCED_FACE('',(#340),#341,.F.);
#146=ADVANCED_FACE('',(#342),#343,.T.);
#147=ADVANCED_FACE('',(#344),#345,.F.);
#148=ADVANCED_FACE('',(#346),#347,.T.);
#149=ADVANCED_FACE('',(#348),#349,.F.);
#150=ADVANCED_FACE('',(#350),#351,.T.);
#151=ADVANCED_FACE('',(#352),#353,.T.);
#152=ADVANCED_FACE('',(#354),#355,.T.);
#153=ADVANCED_FACE('',(#356),#357,.T.);
#154=ADVANCED_FACE('',(#358),#359,.F.);
#155=ADVANCED_FACE('',(#360,#361),#362,.T.);
#156=ADVANCED_FACE('',(#363),#364,.T.);
#157=ADVANCED_FACE('',(#365,#366),#367,.T.);
#158=ADVANCED_FACE('',(#368),#369,.F.);
#159=ADVANCED_FACE('',(#370,#371),#372,.T.);
#160=ADVANCED_FACE('',(#373),#374,.T.);
#161=ADVANCED_FACE('',(#375,#376),#377,.T.);
#162=ADVANCED_FACE('',(#378),#379,.F.);
#163=ADVANCED_FACE('',(#380,#381),#382,.T.);
#164=ADVANCED_FACE('',(#383),#384,.T.);
#165=ADVANCED_FACE('',(#385),#386,.T.);
#166=ADVANCED_FACE('',(#387),#388,.T.);
#167=ADVANCED_FACE('',(#389),#390,.T.);
#168=ADVANCED_FACE('',(#391),#392,.T.);
#169=ADVANCED_FACE('',(#393),#394,.T.);
#170=ADVANCED_FACE('',(#395),#396,.T.);
#171=ADVANCED_FACE('',(#397),#398,.T.);
#172=ADVANCED_FACE('',(#399),#400,.T.);
#173=ADVANCED_FACE('',(#401),#402,.T.);
#174=ADVANCED_FACE('',(#403),#404,.T.);
#175=ADVANCED_FACE('',(#405),#406,.T.);
#176=ADVANCED_FACE('',(#407),#408,.T.);
#177=ADVANCED_FACE('',(#409),#410,.T.);
#178=ADVANCED_FACE('',(#411),#412,.T.);
#179=ADVANCED_FACE('',(#413),#414,.T.);
#180=ADVANCED_FACE('',(#415,#416,#417),#418,.T.);
#181=ADVANCED_FACE('',(#419,#420,#421),#422,.T.);
#182=ADVANCED_FACE('',(#423,#424,#425),#426,.T.);
#183=ADVANCED_FACE('',(#427,#428,#429),#430,.T.);
#184=ADVANCED_FACE('',(#431,#432,#433),#434,.T.);
#185=ADVANCED_FACE('',(#435,#436,#437),#438,.T.);
#186=ADVANCED_FACE('',(#439,#440,#441),#442,.T.);
#187=ADVANCED_FACE('',(#443,#444,#445),#446,.T.);
#188=ADVANCED_FACE('',(#447),#448,.T.);
#189=ADVANCED_FACE('',(#449),#450,.T.);
#190=ADVANCED_FACE('',(#451),#452,.T.);
#191=ADVANCED_FACE('',(#453),#454,.T.);
#192=ADVANCED_FACE('',(#455),#456,.T.);
#193=ADVANCED_FACE('',(#457),#458,.T.);
#194=ADVANCED_FACE('',(#459),#460,.T.);
#195=ADVANCED_FACE('',(#461),#462,.T.);
#197=FACE_OUTER_BOUND('',#463,.T.);
#198=TOROIDAL_SURFACE('',#464,10.6,0.28);
#199=FACE_OUTER_BOUND('',#465,.T.);
#200=TOROIDAL_SURFACE('',#466,10.6,0.28);
#201=FACE_OUTER_BOUND('',#467,.T.);
#202=TOROIDAL_SURFACE('',#468,8.5,1.9845);
#203=FACE_OUTER_BOUND('',#469,.T.);
#204=TOROIDAL_SURFACE('',#470,8.5,1.9845);
#205=FACE_OUTER_BOUND('',#471,.T.);
#206=TOROIDAL_SURFACE('',#472,10.6,0.28);
#207=FACE_OUTER_BOUND('',#473,.T.);
#208=TOROIDAL_SURFACE('',#474,10.6,0.28);
#209=FACE_OUTER_BOUND('',#475,.T.);
#210=TOROIDAL_SURFACE('',#476,10.6,0.28);
#211=FACE_OUTER_BOUND('',#477,.T.);
#212=CYLINDRICAL_SURFACE('',#478,10.6);
#213=FACE_OUTER_BOUND('',#479,.T.);
#214=TOROIDAL_SURFACE('',#480,11.7,0.3);
#215=FACE_OUTER_BOUND('',#481,.T.);
#216=CYLINDRICAL_SURFACE('',#482,12.0);
#217=FACE_OUTER_BOUND('',#483,.T.);
#218=TOROIDAL_SURFACE('',#484,11.7,0.3);
#219=FACE_OUTER_BOUND('',#485,.T.);
#220=CYLINDRICAL_SURFACE('',#486,10.6);
#221=FACE_OUTER_BOUND('',#487,.T.);
#222=TOROIDAL_SURFACE('',#488,10.6,0.28);
#223=FACE_OUTER_BOUND('',#489,.T.);
#224=CONICAL_SURFACE('',#490,10.2743107448734,1.39626340159546);
#225=FACE_OUTER_BOUND('',#491,.T.);
#226=CYLINDRICAL_SURFACE('',#492,9.9);
#227=FACE_OUTER_BOUND('',#493,.T.);
#228=TOROIDAL_SURFACE('',#494,8.5,1.9845);
#229=FACE_OUTER_BOUND('',#495,.T.);
#230=CYLINDRICAL_SURFACE('',#496,9.9);
#231=FACE_OUTER_BOUND('',#497,.T.);
#232=CONICAL_SURFACE('',#498,10.2743107448734,1.39626340159546);
#233=FACE_OUTER_BOUND('',#499,.T.);
#234=CONICAL_SURFACE('',#500,10.2743107448734,1.39626340159546);
#235=FACE_OUTER_BOUND('',#501,.T.);
#236=CYLINDRICAL_SURFACE('',#502,9.9);
#237=FACE_OUTER_BOUND('',#503,.T.);
#238=TOROIDAL_SURFACE('',#504,8.5,1.9845);
#239=FACE_OUTER_BOUND('',#505,.T.);
#240=CYLINDRICAL_SURFACE('',#506,9.9);
#241=FACE_OUTER_BOUND('',#507,.T.);
#242=CONICAL_SURFACE('',#508,10.2743107448734,1.39626340159546);
#243=FACE_OUTER_BOUND('',#509,.T.);
#244=TOROIDAL_SURFACE('',#510,10.6,0.28);
#245=FACE_OUTER_BOUND('',#511,.T.);
#246=CYLINDRICAL_SURFACE('',#512,10.6);
#247=FACE_OUTER_BOUND('',#513,.T.);
#248=FACE_BOUND('',#514,.T.);
#249=PLANE('',#515);
#250=FACE_OUTER_BOUND('',#516,.T.);
#251=TOROIDAL_SURFACE('',#517,11.7,0.3);
#252=FACE_OUTER_BOUND('',#518,.T.);
#253=CYLINDRICAL_SURFACE('',#519,12.0);
#254=FACE_OUTER_BOUND('',#520,.T.);
#255=TOROIDAL_SURFACE('',#521,11.7,0.3);
#256=FACE_OUTER_BOUND('',#522,.T.);
#257=FACE_BOUND('',#523,.T.);
#258=PLANE('',#524);
#259=FACE_OUTER_BOUND('',#525,.T.);
#260=CYLINDRICAL_SURFACE('',#526,10.6);
#261=FACE_OUTER_BOUND('',#527,.T.);
#262=TOROIDAL_SURFACE('',#528,10.6,0.28);
#263=FACE_OUTER_BOUND('',#529,.T.);
#264=TOROIDAL_SURFACE('',#530,8.5,1.9845);
#265=FACE_OUTER_BOUND('',#531,.T.);
#266=TOROIDAL_SURFACE('',#532,8.5,1.9845);
#267=FACE_OUTER_BOUND('',#533,.T.);
#268=CYLINDRICAL_SURFACE('',#534,7.225);
#269=FACE_OUTER_BOUND('',#535,.T.);
#270=TOROIDAL_SURFACE('',#536,8.5,1.9845);
#271=FACE_OUTER_BOUND('',#537,.T.);
#272=CYLINDRICAL_SURFACE('',#538,7.225);
#273=FACE_OUTER_BOUND('',#539,.T.);
#274=TOROIDAL_SURFACE('',#540,4.3,0.3);
#275=FACE_OUTER_BOUND('',#541,.T.);
#276=CYLINDRICAL_SURFACE('',#542,4.0);
#277=FACE_OUTER_BOUND('',#543,.T.);
#278=TOROIDAL_SURFACE('',#544,4.3,0.3);
#279=FACE_OUTER_BOUND('',#545,.T.);
#280=FACE_BOUND('',#546,.T.);
#281=PLANE('',#547);
#282=FACE_OUTER_BOUND('',#548,.T.);
#283=TOROIDAL_SURFACE('',#549,4.3,0.3);
#284=FACE_OUTER_BOUND('',#550,.T.);
#285=CYLINDRICAL_SURFACE('',#551,4.0);
#286=FACE_OUTER_BOUND('',#552,.T.);
#287=TOROIDAL_SURFACE('',#553,4.3,0.3);
#288=FACE_OUTER_BOUND('',#554,.T.);
#289=FACE_BOUND('',#555,.T.);
#290=PLANE('',#556);
#291=FACE_OUTER_BOUND('',#557,.T.);
#292=CYLINDRICAL_SURFACE('',#558,7.225);
#293=FACE_OUTER_BOUND('',#559,.T.);
#294=TOROIDAL_SURFACE('',#560,8.5,1.9845);
#295=FACE_OUTER_BOUND('',#561,.T.);
#296=CYLINDRICAL_SURFACE('',#562,7.225);
#297=FACE_OUTER_BOUND('',#563,.T.);
#298=CONICAL_SURFACE('',#564,9.476,0.785398163397445);
#299=FACE_OUTER_BOUND('',#565,.T.);
#300=CYLINDRICAL_SURFACE('',#566,7.56875);
#301=FACE_OUTER_BOUND('',#567,.T.);
#302=CYLINDRICAL_SURFACE('',#568,7.35875);
#303=FACE_OUTER_BOUND('',#569,.T.);
#304=CONICAL_SURFACE('',#570,9.56298484809835,0.785398163397447);
#305=FACE_OUTER_BOUND('',#571,.T.);
#306=CONICAL_SURFACE('',#572,10.3808136903298,1.39626340159546);
#307=FACE_OUTER_BOUND('',#573,.T.);
#308=CYLINDRICAL_SURFACE('',#574,10.88);
#309=FACE_OUTER_BOUND('',#575,.T.);
#310=CONICAL_SURFACE('',#576,10.39,1.39626340159546);
#311=FACE_OUTER_BOUND('',#577,.T.);
#312=CONICAL_SURFACE('',#578,10.39,1.39626340159546);
#313=FACE_OUTER_BOUND('',#579,.T.);
#314=CYLINDRICAL_SURFACE('',#580,10.88);
#315=FACE_OUTER_BOUND('',#581,.T.);
#316=CONICAL_SURFACE('',#582,10.3808136903298,1.39626340159546);
#317=FACE_OUTER_BOUND('',#583,.T.);
#318=FACE_BOUND('',#584,.T.);
#319=PLANE('',#585);
#320=FACE_OUTER_BOUND('',#586,.T.);
#321=CONICAL_SURFACE('',#587,9.56298484809835,0.785398163397447);
#322=FACE_OUTER_BOUND('',#588,.T.);
#323=FACE_BOUND('',#589,.T.);
#324=PLANE('',#590);
#325=FACE_OUTER_BOUND('',#591,.T.);
#326=CYLINDRICAL_SURFACE('',#592,7.35875);
#327=FACE_OUTER_BOUND('',#593,.T.);
#328=FACE_BOUND('',#594,.T.);
#329=PLANE('',#595);
#330=FACE_OUTER_BOUND('',#596,.T.);
#331=CYLINDRICAL_SURFACE('',#597,7.56875);
#332=FACE_OUTER_BOUND('',#598,.T.);
#333=FACE_BOUND('',#599,.T.);
#334=PLANE('',#600);
#335=FACE_OUTER_BOUND('',#601,.T.);
#336=CONICAL_SURFACE('',#602,9.476,0.785398163397445);
#337=FACE_OUTER_BOUND('',#603,.T.);
#338=FACE_BOUND('',#604,.T.);
#339=PLANE('',#605);
#340=FACE_OUTER_BOUND('',#606,.T.);
#341=CONICAL_SURFACE('',#607,9.476,0.785398163397445);
#342=FACE_OUTER_BOUND('',#608,.T.);
#343=CYLINDRICAL_SURFACE('',#609,7.56875);
#344=FACE_OUTER_BOUND('',#610,.T.);
#345=CYLINDRICAL_SURFACE('',#611,7.35875);
#346=FACE_OUTER_BOUND('',#612,.T.);
#347=CONICAL_SURFACE('',#613,9.56298484809835,0.785398163397447);
#348=FACE_OUTER_BOUND('',#614,.T.);
#349=CONICAL_SURFACE('',#615,10.3808136903298,1.39626340159546);
#350=FACE_OUTER_BOUND('',#616,.T.);
#351=CYLINDRICAL_SURFACE('',#617,10.88);
#352=FACE_OUTER_BOUND('',#618,.T.);
#353=CONICAL_SURFACE('',#619,10.39,1.39626340159546);
#354=FACE_OUTER_BOUND('',#620,.T.);
#355=CONICAL_SURFACE('',#621,10.39,1.39626340159546);
#356=FACE_OUTER_BOUND('',#622,.T.);
#357=CYLINDRICAL_SURFACE('',#623,10.88);
#358=FACE_OUTER_BOUND('',#624,.T.);
#359=CONICAL_SURFACE('',#625,10.3808136903298,1.39626340159546);
#360=FACE_OUTER_BOUND('',#626,.T.);
#361=FACE_BOUND('',#627,.T.);
#362=PLANE('',#628);
#363=FACE_OUTER_BOUND('',#629,.T.);
#364=CONICAL_SURFACE('',#630,9.56298484809835,0.785398163397447);
#365=FACE_OUTER_BOUND('',#631,.T.);
#366=FACE_BOUND('',#632,.T.);
#367=PLANE('',#633);
#368=FACE_OUTER_BOUND('',#634,.T.);
#369=CYLINDRICAL_SURFACE('',#635,7.35875);
#370=FACE_OUTER_BOUND('',#636,.T.);
#371=FACE_BOUND('',#637,.T.);
#372=PLANE('',#638);
#373=FACE_OUTER_BOUND('',#639,.T.);
#374=CYLINDRICAL_SURFACE('',#640,7.56875);
#375=FACE_OUTER_BOUND('',#641,.T.);
#376=FACE_BOUND('',#642,.T.);
#377=PLANE('',#643);
#378=FACE_OUTER_BOUND('',#644,.T.);
#379=CONICAL_SURFACE('',#645,9.476,0.785398163397445);
#380=FACE_OUTER_BOUND('',#646,.T.);
#381=FACE_BOUND('',#647,.T.);
#382=PLANE('',#648);
#383=FACE_OUTER_BOUND('',#649,.T.);
#384=TOROIDAL_SURFACE('',#650,8.5,0.01);
#385=FACE_OUTER_BOUND('',#651,.T.);
#386=TOROIDAL_SURFACE('',#652,8.5,0.01);
#387=FACE_OUTER_BOUND('',#653,.T.);
#388=TOROIDAL_SURFACE('',#654,8.5,0.01);
#389=FACE_OUTER_BOUND('',#655,.T.);
#390=TOROIDAL_SURFACE('',#656,8.5,0.01);
#391=FACE_OUTER_BOUND('',#657,.T.);
#392=TOROIDAL_SURFACE('',#658,8.5,0.01);
#393=FACE_OUTER_BOUND('',#659,.T.);
#394=TOROIDAL_SURFACE('',#660,8.5,0.01);
#395=FACE_OUTER_BOUND('',#661,.T.);
#396=TOROIDAL_SURFACE('',#662,8.5,0.01);
#397=FACE_OUTER_BOUND('',#663,.T.);
#398=TOROIDAL_SURFACE('',#664,8.5,0.01);
#399=FACE_OUTER_BOUND('',#665,.T.);
#400=SPHERICAL_SURFACE('',#666,1.9845);
#401=FACE_OUTER_BOUND('',#667,.T.);
#402=SPHERICAL_SURFACE('',#668,1.9845);
#403=FACE_OUTER_BOUND('',#669,.T.);
#404=SPHERICAL_SURFACE('',#670,1.9845);
#405=FACE_OUTER_BOUND('',#671,.T.);
#406=SPHERICAL_SURFACE('',#672,1.9845);
#407=FACE_OUTER_BOUND('',#673,.T.);
#408=SPHERICAL_SURFACE('',#674,1.9845);
#409=FACE_OUTER_BOUND('',#675,.T.);
#410=SPHERICAL_SURFACE('',#676,1.9845);
#411=FACE_OUTER_BOUND('',#677,.T.);
#412=SPHERICAL_SURFACE('',#678,1.9845);
#413=FACE_OUTER_BOUND('',#679,.T.);
#414=SPHERICAL_SURFACE('',#680,1.9845);
#415=FACE_OUTER_BOUND('',#681,.T.);
#416=FACE_BOUND('',#682,.T.);
#417=FACE_BOUND('',#683,.T.);
#418=SPHERICAL_SURFACE('',#684,1.9845);
#419=FACE_OUTER_BOUND('',#685,.T.);
#420=FACE_BOUND('',#686,.T.);
#421=FACE_BOUND('',#687,.T.);
#422=SPHERICAL_SURFACE('',#688,1.9845);
#423=FACE_OUTER_BOUND('',#689,.T.);
#424=FACE_BOUND('',#690,.T.);
#425=FACE_BOUND('',#691,.T.);
#426=SPHERICAL_SURFACE('',#692,1.9845);
#427=FACE_OUTER_BOUND('',#693,.T.);
#428=FACE_BOUND('',#694,.T.);
#429=FACE_BOUND('',#695,.T.);
#430=SPHERICAL_SURFACE('',#696,1.9845);
#431=FACE_OUTER_BOUND('',#697,.T.);
#432=FACE_BOUND('',#698,.T.);
#433=FACE_BOUND('',#699,.T.);
#434=SPHERICAL_SURFACE('',#700,1.9845);
#435=FACE_OUTER_BOUND('',#701,.T.);
#436=FACE_BOUND('',#702,.T.);
#437=FACE_BOUND('',#703,.T.);
#438=SPHERICAL_SURFACE('',#704,1.9845);
#439=FACE_OUTER_BOUND('',#705,.T.);
#440=FACE_BOUND('',#706,.T.);
#441=FACE_BOUND('',#707,.T.);
#442=SPHERICAL_SURFACE('',#708,1.9845);
#443=FACE_OUTER_BOUND('',#709,.T.);
#444=FACE_BOUND('',#710,.T.);
#445=FACE_BOUND('',#711,.T.);
#446=SPHERICAL_SURFACE('',#712,1.9845);
#447=FACE_OUTER_BOUND('',#713,.T.);
#448=TOROIDAL_SURFACE('',#714,8.5,0.01);
#449=FACE_OUTER_BOUND('',#715,.T.);
#450=TOROIDAL_SURFACE('',#716,8.5,0.01);
#451=FACE_OUTER_BOUND('',#717,.T.);
#452=TOROIDAL_SURFACE('',#718,8.5,0.01);
#453=FACE_OUTER_BOUND('',#719,.T.);
#454=TOROIDAL_SURFACE('',#720,8.5,0.01);
#455=FACE_OUTER_BOUND('',#721,.T.);
#456=TOROIDAL_SURFACE('',#722,8.5,0.01);
#457=FACE_OUTER_BOUND('',#723,.T.);
#458=TOROIDAL_SURFACE('',#724,8.5,0.01);
#459=FACE_OUTER_BOUND('',#725,.T.);
#460=TOROIDAL_SURFACE('',#726,8.5,0.01);
#461=FACE_OUTER_BOUND('',#727,.T.);
#462=TOROIDAL_SURFACE('',#728,8.5,0.01);
#463=EDGE_LOOP('',(#729,#730,#731,#732,#733));
#464=AXIS2_PLACEMENT_3D('',#734,#735,#736);
#465=EDGE_LOOP('',(#737,#738,#739,#740,#741));
#466=AXIS2_PLACEMENT_3D('',#742,#743,#744);
#467=EDGE_LOOP('',(#745,#746,#747,#748,#749));
#468=AXIS2_PLACEMENT_3D('',#750,#751,#752);
#469=EDGE_LOOP('',(#753,#754,#755,#756,#757));
#470=AXIS2_PLACEMENT_3D('',#758,#759,#760);
#471=EDGE_LOOP('',(#761,#762,#763,#764,#765));
#472=AXIS2_PLACEMENT_3D('',#766,#767,#768);
#473=EDGE_LOOP('',(#769,#770,#771,#772,#773));
#474=AXIS2_PLACEMENT_3D('',#774,#775,#776);
#475=EDGE_LOOP('',(#777,#778,#779,#780,#781));
#476=AXIS2_PLACEMENT_3D('',#782,#783,#784);
#477=EDGE_LOOP('',(#785,#786,#787,#788,#789));
#478=AXIS2_PLACEMENT_3D('',#790,#791,#792);
#479=EDGE_LOOP('',(#793,#794,#795,#796,#797));
#480=AXIS2_PLACEMENT_3D('',#798,#799,#800);
#481=EDGE_LOOP('',(#801,#802,#803,#804,#805,#806));
#482=AXIS2_PLACEMENT_3D('',#807,#808,#809);
#483=EDGE_LOOP('',(#810,#811,#812,#813,#814));
#484=AXIS2_PLACEMENT_3D('',#815,#816,#817);
#485=EDGE_LOOP('',(#818,#819,#820,#821,#822));
#486=AXIS2_PLACEMENT_3D('',#823,#824,#825);
#487=EDGE_LOOP('',(#826,#827,#828,#829,#830));
#488=AXIS2_PLACEMENT_3D('',#831,#832,#833);
#489=EDGE_LOOP('',(#834,#835,#836,#837,#838));
#490=AXIS2_PLACEMENT_3D('',#839,#840,#841);
#491=EDGE_LOOP('',(#842,#843,#844,#845,#846));
#492=AXIS2_PLACEMENT_3D('',#847,#848,#849);
#493=EDGE_LOOP('',(#850,#851,#852,#853,#854));
#494=AXIS2_PLACEMENT_3D('',#855,#856,#857);
#495=EDGE_LOOP('',(#858,#859,#860,#861,#862));
#496=AXIS2_PLACEMENT_3D('',#863,#864,#865);
#497=EDGE_LOOP('',(#866,#867,#868,#869,#870));
#498=AXIS2_PLACEMENT_3D('',#871,#872,#873);
#499=EDGE_LOOP('',(#874,#875,#876,#877,#878));
#500=AXIS2_PLACEMENT_3D('',#879,#880,#881);
#501=EDGE_LOOP('',(#882,#883,#884,#885,#886));
#502=AXIS2_PLACEMENT_3D('',#887,#888,#889);
#503=EDGE_LOOP('',(#890,#891,#892,#893,#894));
#504=AXIS2_PLACEMENT_3D('',#895,#896,#897);
#505=EDGE_LOOP('',(#898,#899,#900,#901,#902));
#506=AXIS2_PLACEMENT_3D('',#903,#904,#905);
#507=EDGE_LOOP('',(#906,#907,#908,#909,#910));
#508=AXIS2_PLACEMENT_3D('',#911,#912,#913);
#509=EDGE_LOOP('',(#914,#915,#916,#917,#918));
#510=AXIS2_PLACEMENT_3D('',#919,#920,#921);
#511=EDGE_LOOP('',(#922,#923,#924,#925,#926));
#512=AXIS2_PLACEMENT_3D('',#927,#928,#929);
#513=EDGE_LOOP('',(#930,#931));
#514=EDGE_LOOP('',(#932,#933));
#515=AXIS2_PLACEMENT_3D('',#934,#935,#936);
#516=EDGE_LOOP('',(#937,#938,#939,#940,#941));
#517=AXIS2_PLACEMENT_3D('',#942,#943,#944);
#518=EDGE_LOOP('',(#945,#946,#947,#948,#949,#950));
#519=AXIS2_PLACEMENT_3D('',#951,#952,#953);
#520=EDGE_LOOP('',(#954,#955,#956,#957,#958));
#521=AXIS2_PLACEMENT_3D('',#959,#960,#961);
#522=EDGE_LOOP('',(#962,#963));
#523=EDGE_LOOP('',(#964,#965));
#524=AXIS2_PLACEMENT_3D('',#966,#967,#968);
#525=EDGE_LOOP('',(#969,#970,#971,#972,#973));
#526=AXIS2_PLACEMENT_3D('',#974,#975,#976);
#527=EDGE_LOOP('',(#977,#978,#979,#980,#981));
#528=AXIS2_PLACEMENT_3D('',#982,#983,#984);
#529=EDGE_LOOP('',(#985,#986,#987,#988,#989));
#530=AXIS2_PLACEMENT_3D('',#990,#991,#992);
#531=EDGE_LOOP('',(#993,#994,#995,#996,#997));
#532=AXIS2_PLACEMENT_3D('',#998,#999,#1000);
#533=EDGE_LOOP('',(#1001,#1002,#1003,#1004,#1005));
#534=AXIS2_PLACEMENT_3D('',#1006,#1007,#1008);
#535=EDGE_LOOP('',(#1009,#1010,#1011,#1012,#1013));
#536=AXIS2_PLACEMENT_3D('',#1014,#1015,#1016);
#537=EDGE_LOOP('',(#1017,#1018,#1019,#1020,#1021));
#538=AXIS2_PLACEMENT_3D('',#1022,#1023,#1024);
#539=EDGE_LOOP('',(#1025,#1026,#1027,#1028,#1029));
#540=AXIS2_PLACEMENT_3D('',#1030,#1031,#1032);
#541=EDGE_LOOP('',(#1033,#1034,#1035,#1036,#1037,#1038));
#542=AXIS2_PLACEMENT_3D('',#1039,#1040,#1041);
#543=EDGE_LOOP('',(#1042,#1043,#1044,#1045,#1046));
#544=AXIS2_PLACEMENT_3D('',#1047,#1048,#1049);
#545=EDGE_LOOP('',(#1050,#1051));
#546=EDGE_LOOP('',(#1052,#1053));
#547=AXIS2_PLACEMENT_3D('',#1054,#1055,#1056);
#548=EDGE_LOOP('',(#1057,#1058,#1059,#1060,#1061));
#549=AXIS2_PLACEMENT_3D('',#1062,#1063,#1064);
#550=EDGE_LOOP('',(#1065,#1066,#1067,#1068,#1069,#1070));
#551=AXIS2_PLACEMENT_3D('',#1071,#1072,#1073);
#552=EDGE_LOOP('',(#1074,#1075,#1076,#1077,#1078));
#553=AXIS2_PLACEMENT_3D('',#1079,#1080,#1081);
#554=EDGE_LOOP('',(#1082,#1083));
#555=EDGE_LOOP('',(#1084,#1085));
#556=AXIS2_PLACEMENT_3D('',#1086,#1087,#1088);
#557=EDGE_LOOP('',(#1089,#1090,#1091,#1092,#1093));
#558=AXIS2_PLACEMENT_3D('',#1094,#1095,#1096);
#559=EDGE_LOOP('',(#1097,#1098,#1099,#1100,#1101));
#560=AXIS2_PLACEMENT_3D('',#1102,#1103,#1104);
#561=EDGE_LOOP('',(#1105,#1106,#1107,#1108,#1109));
#562=AXIS2_PLACEMENT_3D('',#1110,#1111,#1112);
#563=EDGE_LOOP('',(#1113,#1114,#1115,#1116));
#564=AXIS2_PLACEMENT_3D('',#1117,#1118,#1119);
#565=EDGE_LOOP('',(#1120,#1121,#1122,#1123));
#566=AXIS2_PLACEMENT_3D('',#1124,#1125,#1126);
#567=EDGE_LOOP('',(#1127,#1128,#1129,#1130));
#568=AXIS2_PLACEMENT_3D('',#1131,#1132,#1133);
#569=EDGE_LOOP('',(#1134,#1135,#1136,#1137));
#570=AXIS2_PLACEMENT_3D('',#1138,#1139,#1140);
#571=EDGE_LOOP('',(#1141,#1142,#1143,#1144));
#572=AXIS2_PLACEMENT_3D('',#1145,#1146,#1147);
#573=EDGE_LOOP('',(#1148,#1149,#1150,#1151));
#574=AXIS2_PLACEMENT_3D('',#1152,#1153,#1154);
#575=EDGE_LOOP('',(#1155,#1156,#1157,#1158));
#576=AXIS2_PLACEMENT_3D('',#1159,#1160,#1161);
#577=EDGE_LOOP('',(#1162,#1163,#1164,#1165));
#578=AXIS2_PLACEMENT_3D('',#1166,#1167,#1168);
#579=EDGE_LOOP('',(#1169,#1170,#1171,#1172));
#580=AXIS2_PLACEMENT_3D('',#1173,#1174,#1175);
#581=EDGE_LOOP('',(#1176,#1177,#1178,#1179));
#582=AXIS2_PLACEMENT_3D('',#1180,#1181,#1182);
#583=EDGE_LOOP('',(#1183,#1184));
#584=EDGE_LOOP('',(#1185,#1186));
#585=AXIS2_PLACEMENT_3D('',#1187,#1188,#1189);
#586=EDGE_LOOP('',(#1190,#1191,#1192,#1193));
#587=AXIS2_PLACEMENT_3D('',#1194,#1195,#1196);
#588=EDGE_LOOP('',(#1197,#1198));
#589=EDGE_LOOP('',(#1199,#1200));
#590=AXIS2_PLACEMENT_3D('',#1201,#1202,#1203);
#591=EDGE_LOOP('',(#1204,#1205,#1206,#1207));
#592=AXIS2_PLACEMENT_3D('',#1208,#1209,#1210);
#593=EDGE_LOOP('',(#1211,#1212));
#594=EDGE_LOOP('',(#1213,#1214));
#595=AXIS2_PLACEMENT_3D('',#1215,#1216,#1217);
#596=EDGE_LOOP('',(#1218,#1219,#1220,#1221));
#597=AXIS2_PLACEMENT_3D('',#1222,#1223,#1224);
#598=EDGE_LOOP('',(#1225,#1226));
#599=EDGE_LOOP('',(#1227,#1228));
#600=AXIS2_PLACEMENT_3D('',#1229,#1230,#1231);
#601=EDGE_LOOP('',(#1232,#1233,#1234,#1235));
#602=AXIS2_PLACEMENT_3D('',#1236,#1237,#1238);
#603=EDGE_LOOP('',(#1239,#1240));
#604=EDGE_LOOP('',(#1241,#1242));
#605=AXIS2_PLACEMENT_3D('',#1243,#1244,#1245);
#606=EDGE_LOOP('',(#1246,#1247,#1248,#1249));
#607=AXIS2_PLACEMENT_3D('',#1250,#1251,#1252);
#608=EDGE_LOOP('',(#1253,#1254,#1255,#1256));
#609=AXIS2_PLACEMENT_3D('',#1257,#1258,#1259);
#610=EDGE_LOOP('',(#1260,#1261,#1262,#1263));
#611=AXIS2_PLACEMENT_3D('',#1264,#1265,#1266);
#612=EDGE_LOOP('',(#1267,#1268,#1269,#1270));
#613=AXIS2_PLACEMENT_3D('',#1271,#1272,#1273);
#614=EDGE_LOOP('',(#1274,#1275,#1276,#1277));
#615=AXIS2_PLACEMENT_3D('',#1278,#1279,#1280);
#616=EDGE_LOOP('',(#1281,#1282,#1283,#1284));
#617=AXIS2_PLACEMENT_3D('',#1285,#1286,#1287);
#618=EDGE_LOOP('',(#1288,#1289,#1290,#1291));
#619=AXIS2_PLACEMENT_3D('',#1292,#1293,#1294);
#620=EDGE_LOOP('',(#1295,#1296,#1297,#1298));
#621=AXIS2_PLACEMENT_3D('',#1299,#1300,#1301);
#622=EDGE_LOOP('',(#1302,#1303,#1304,#1305));
#623=AXIS2_PLACEMENT_3D('',#1306,#1307,#1308);
#624=EDGE_LOOP('',(#1309,#1310,#1311,#1312));
#625=AXIS2_PLACEMENT_3D('',#1313,#1314,#1315);
#626=EDGE_LOOP('',(#1316,#1317));
#627=EDGE_LOOP('',(#1318,#1319));
#628=AXIS2_PLACEMENT_3D('',#1320,#1321,#1322);
#629=EDGE_LOOP('',(#1323,#1324,#1325,#1326));
#630=AXIS2_PLACEMENT_3D('',#1327,#1328,#1329);
#631=EDGE_LOOP('',(#1330,#1331));
#632=EDGE_LOOP('',(#1332,#1333));
#633=AXIS2_PLACEMENT_3D('',#1334,#1335,#1336);
#634=EDGE_LOOP('',(#1337,#1338,#1339,#1340));
#635=AXIS2_PLACEMENT_3D('',#1341,#1342,#1343);
#636=EDGE_LOOP('',(#1344,#1345));
#637=EDGE_LOOP('',(#1346,#1347));
#638=AXIS2_PLACEMENT_3D('',#1348,#1349,#1350);
#639=EDGE_LOOP('',(#1351,#1352,#1353,#1354));
#640=AXIS2_PLACEMENT_3D('',#1355,#1356,#1357);
#641=EDGE_LOOP('',(#1358,#1359));
#642=EDGE_LOOP('',(#1360,#1361));
#643=AXIS2_PLACEMENT_3D('',#1362,#1363,#1364);
#644=EDGE_LOOP('',(#1365,#1366,#1367,#1368));
#645=AXIS2_PLACEMENT_3D('',#1369,#1370,#1371);
#646=EDGE_LOOP('',(#1372,#1373));
#647=EDGE_LOOP('',(#1374,#1375));
#648=AXIS2_PLACEMENT_3D('',#1376,#1377,#1378);
#649=EDGE_LOOP('',(#1379,#1380,#1381,#1382));
#650=AXIS2_PLACEMENT_3D('',#1383,#1384,#1385);
#651=EDGE_LOOP('',(#1386,#1387,#1388,#1389));
#652=AXIS2_PLACEMENT_3D('',#1390,#1391,#1392);
#653=EDGE_LOOP('',(#1393,#1394,#1395,#1396));
#654=AXIS2_PLACEMENT_3D('',#1397,#1398,#1399);
#655=EDGE_LOOP('',(#1400,#1401,#1402,#1403));
#656=AXIS2_PLACEMENT_3D('',#1404,#1405,#1406);
#657=EDGE_LOOP('',(#1407,#1408,#1409,#1410));
#658=AXIS2_PLACEMENT_3D('',#1411,#1412,#1413);
#659=EDGE_LOOP('',(#1414,#1415,#1416,#1417));
#660=AXIS2_PLACEMENT_3D('',#1418,#1419,#1420);
#661=EDGE_LOOP('',(#1421,#1422,#1423,#1424));
#662=AXIS2_PLACEMENT_3D('',#1425,#1426,#1427);
#663=EDGE_LOOP('',(#1428,#1429,#1430,#1431));
#664=AXIS2_PLACEMENT_3D('',#1432,#1433,#1434);
#665=EDGE_LOOP('',(#1435,#1436));
#666=AXIS2_PLACEMENT_3D('',#1437,#1438,#1439);
#667=EDGE_LOOP('',(#1440,#1441));
#668=AXIS2_PLACEMENT_3D('',#1442,#1443,#1444);
#669=EDGE_LOOP('',(#1445,#1446));
#670=AXIS2_PLACEMENT_3D('',#1447,#1448,#1449);
#671=EDGE_LOOP('',(#1450,#1451));
#672=AXIS2_PLACEMENT_3D('',#1452,#1453,#1454);
#673=EDGE_LOOP('',(#1455,#1456));
#674=AXIS2_PLACEMENT_3D('',#1457,#1458,#1459);
#675=EDGE_LOOP('',(#1460,#1461));
#676=AXIS2_PLACEMENT_3D('',#1462,#1463,#1464);
#677=EDGE_LOOP('',(#1465,#1466));
#678=AXIS2_PLACEMENT_3D('',#1467,#1468,#1469);
#679=EDGE_LOOP('',(#1470,#1471));
#680=AXIS2_PLACEMENT_3D('',#1472,#1473,#1474);
#681=EDGE_LOOP('',(#1475,#1476));
#682=EDGE_LOOP('',(#1477,#1478));
#683=EDGE_LOOP('',(#1479,#1480));
#684=AXIS2_PLACEMENT_3D('',#1481,#1482,#1483);
#685=EDGE_LOOP('',(#1484,#1485));
#686=EDGE_LOOP('',(#1486,#1487));
#687=EDGE_LOOP('',(#1488,#1489));
#688=AXIS2_PLACEMENT_3D('',#1490,#1491,#1492);
#689=EDGE_LOOP('',(#1493,#1494));
#690=EDGE_LOOP('',(#1495,#1496));
#691=EDGE_LOOP('',(#1497,#1498));
#692=AXIS2_PLACEMENT_3D('',#1499,#1500,#1501);
#693=EDGE_LOOP('',(#1502,#1503));
#694=EDGE_LOOP('',(#1504,#1505));
#695=EDGE_LOOP('',(#1506,#1507));
#696=AXIS2_PLACEMENT_3D('',#1508,#1509,#1510);
#697=EDGE_LOOP('',(#1511,#1512));
#698=EDGE_LOOP('',(#1513,#1514));
#699=EDGE_LOOP('',(#1515,#1516));
#700=AXIS2_PLACEMENT_3D('',#1517,#1518,#1519);
#701=EDGE_LOOP('',(#1520,#1521));
#702=EDGE_LOOP('',(#1522,#1523));
#703=EDGE_LOOP('',(#1524,#1525));
#704=AXIS2_PLACEMENT_3D('',#1526,#1527,#1528);
#705=EDGE_LOOP('',(#1529,#1530));
#706=EDGE_LOOP('',(#1531,#1532));
#707=EDGE_LOOP('',(#1533,#1534));
#708=AXIS2_PLACEMENT_3D('',#1535,#1536,#1537);
#709=EDGE_LOOP('',(#1538,#1539));
#710=EDGE_LOOP('',(#1540,#1541));
#711=EDGE_LOOP('',(#1542,#1543));
#712=AXIS2_PLACEMENT_3D('',#1544,#1545,#1546);
#713=EDGE_LOOP('',(#1547,#1548,#1549,#1550));
#714=AXIS2_PLACEMENT_3D('',#1551,#1552,#1553);
#715=EDGE_LOOP('',(#1554,#1555,#1556,#1557));
#716=AXIS2_PLACEMENT_3D('',#1558,#1559,#1560);
#717=EDGE_LOOP('',(#1561,#1562,#1563,#1564));
#718=AXIS2_PLACEMENT_3D('',#1565,#1566,#1567);
#719=EDGE_LOOP('',(#1568,#1569,#1570,#1571));
#720=AXIS2_PLACEMENT_3D('',#1572,#1573,#1574);
#721=EDGE_LOOP('',(#1575,#1576,#1577,#1578));
#722=AXIS2_PLACEMENT_3D('',#1579,#1580,#1581);
#723=EDGE_LOOP('',(#1582,#1583,#1584,#1585));
#724=AXIS2_PLACEMENT_3D('',#1586,#1587,#1588);
#725=EDGE_LOOP('',(#1589,#1590,#1591,#1592));
#726=AXIS2_PLACEMENT_3D('',#1593,#1594,#1595);
#727=EDGE_LOOP('',(#1596,#1597,#1598,#1599));
#728=AXIS2_PLACEMENT_3D('',#1600,#1601,#1602);
#729=ORIENTED_EDGE('',*,*,#1603,.F.);
#730=ORIENTED_EDGE('',*,*,#1604,.T.);
#731=ORIENTED_EDGE('',*,*,#1605,.T.);
#732=ORIENTED_EDGE('',*,*,#1606,.T.);
#733=ORIENTED_EDGE('',*,*,#1607,.T.);
#734=CARTESIAN_POINT('',(7.58,0.0,0.0));
#735=DIRECTION('',(1.0,0.0,0.0));
#736=DIRECTION('',(0.0,0.0,-1.0));
#737=ORIENTED_EDGE('',*,*,#1608,.F.);
#738=ORIENTED_EDGE('',*,*,#1609,.T.);
#739=ORIENTED_EDGE('',*,*,#1610,.T.);
#740=ORIENTED_EDGE('',*,*,#1611,.T.);
#741=ORIENTED_EDGE('',*,*,#1612,.T.);
#742=CARTESIAN_POINT('',(0.419999999999999,0.0,0.0));
#743=DIRECTION('',(1.0,0.0,0.0));
#744=DIRECTION('',(0.0,0.0,-1.0));
#745=ORIENTED_EDGE('',*,*,#1613,.F.);
#746=ORIENTED_EDGE('',*,*,#1614,.T.);
#747=ORIENTED_EDGE('',*,*,#1615,.T.);
#748=ORIENTED_EDGE('',*,*,#1616,.T.);
#749=ORIENTED_EDGE('',*,*,#1617,.T.);
#750=CARTESIAN_POINT('',(4.0,0.0,0.0));
#751=DIRECTION('',(1.0,0.0,0.0));
#752=DIRECTION('',(0.0,0.0,-1.0));
#753=ORIENTED_EDGE('',*,*,#1618,.F.);
#754=ORIENTED_EDGE('',*,*,#1617,.F.);
#755=ORIENTED_EDGE('',*,*,#1619,.T.);
#756=ORIENTED_EDGE('',*,*,#1620,.T.);
#757=ORIENTED_EDGE('',*,*,#1614,.F.);
#758=CARTESIAN_POINT('',(4.0,0.0,0.0));
#759=DIRECTION('',(1.0,0.0,0.0));
#760=DIRECTION('',(0.0,0.0,-1.0));
#761=ORIENTED_EDGE('',*,*,#1621,.F.);
#762=ORIENTED_EDGE('',*,*,#1612,.F.);
#763=ORIENTED_EDGE('',*,*,#1622,.T.);
#764=ORIENTED_EDGE('',*,*,#1623,.T.);
#765=ORIENTED_EDGE('',*,*,#1609,.F.);
#766=CARTESIAN_POINT('',(0.419999999999999,0.0,0.0));
#767=DIRECTION('',(1.0,0.0,0.0));
#768=DIRECTION('',(0.0,0.0,-1.0));
#769=ORIENTED_EDGE('',*,*,#1624,.F.);
#770=ORIENTED_EDGE('',*,*,#1607,.F.);
#771=ORIENTED_EDGE('',*,*,#1625,.T.);
#772=ORIENTED_EDGE('',*,*,#1626,.T.);
#773=ORIENTED_EDGE('',*,*,#1604,.F.);
#774=CARTESIAN_POINT('',(7.58,0.0,0.0));
#775=DIRECTION('',(1.0,0.0,0.0));
#776=DIRECTION('',(0.0,0.0,-1.0));
#777=ORIENTED_EDGE('',*,*,#1624,.T.);
#778=ORIENTED_EDGE('',*,*,#1627,.F.);
#779=ORIENTED_EDGE('',*,*,#1628,.F.);
#780=ORIENTED_EDGE('',*,*,#1629,.F.);
#781=ORIENTED_EDGE('',*,*,#1630,.F.);
#782=CARTESIAN_POINT('',(7.58,0.0,0.0));
#783=DIRECTION('',(1.0,0.0,0.0));
#784=DIRECTION('',(0.0,0.0,-1.0));
#785=ORIENTED_EDGE('',*,*,#1631,.F.);
#786=ORIENTED_EDGE('',*,*,#1605,.F.);
#787=ORIENTED_EDGE('',*,*,#1626,.F.);
#788=ORIENTED_EDGE('',*,*,#1632,.F.);
#789=ORIENTED_EDGE('',*,*,#1633,.T.);
#790=CARTESIAN_POINT('',(7.93,0.0,0.0));
#791=DIRECTION('',(-1.0,0.0,0.0));
#792=DIRECTION('',(0.0,1.0,0.0));
#793=ORIENTED_EDGE('',*,*,#1634,.F.);
#794=ORIENTED_EDGE('',*,*,#1635,.T.);
#795=ORIENTED_EDGE('',*,*,#1636,.T.);
#796=ORIENTED_EDGE('',*,*,#1637,.F.);
#797=ORIENTED_EDGE('',*,*,#1638,.F.);
#798=CARTESIAN_POINT('',(7.7,0.0,0.0));
#799=DIRECTION('',(1.0,0.0,0.0));
#800=DIRECTION('',(0.0,0.0,-1.0));
#801=ORIENTED_EDGE('',*,*,#1639,.F.);
#802=ORIENTED_EDGE('',*,*,#1640,.T.);
#803=ORIENTED_EDGE('',*,*,#1641,.T.);
#804=ORIENTED_EDGE('',*,*,#1642,.F.);
#805=ORIENTED_EDGE('',*,*,#1643,.F.);
#806=ORIENTED_EDGE('',*,*,#1636,.F.);
#807=CARTESIAN_POINT('',(4.0,0.0,0.0));
#808=DIRECTION('',(-1.0,0.0,0.0));
#809=DIRECTION('',(0.0,1.0,0.0));
#810=ORIENTED_EDGE('',*,*,#1644,.F.);
#811=ORIENTED_EDGE('',*,*,#1645,.T.);
#812=ORIENTED_EDGE('',*,*,#1646,.F.);
#813=ORIENTED_EDGE('',*,*,#1640,.F.);
#814=ORIENTED_EDGE('',*,*,#1647,.F.);
#815=CARTESIAN_POINT('',(0.3,0.0,0.0));
#816=DIRECTION('',(1.0,0.0,0.0));
#817=DIRECTION('',(0.0,0.0,-1.0));
#818=ORIENTED_EDGE('',*,*,#1648,.F.);
#819=ORIENTED_EDGE('',*,*,#1649,.F.);
#820=ORIENTED_EDGE('',*,*,#1650,.F.);
#821=ORIENTED_EDGE('',*,*,#1651,.T.);
#822=ORIENTED_EDGE('',*,*,#1652,.T.);
#823=CARTESIAN_POINT('',(0.0699999999999994,0.0,0.0));
#824=DIRECTION('',(-1.0,0.0,0.0));
#825=DIRECTION('',(0.0,1.0,0.0));
#826=ORIENTED_EDGE('',*,*,#1621,.T.);
#827=ORIENTED_EDGE('',*,*,#1653,.F.);
#828=ORIENTED_EDGE('',*,*,#1651,.F.);
#829=ORIENTED_EDGE('',*,*,#1654,.F.);
#830=ORIENTED_EDGE('',*,*,#1655,.F.);
#831=CARTESIAN_POINT('',(0.419999999999999,0.0,0.0));
#832=DIRECTION('',(1.0,0.0,0.0));
#833=DIRECTION('',(0.0,0.0,-1.0));
#834=ORIENTED_EDGE('',*,*,#1656,.F.);
#835=ORIENTED_EDGE('',*,*,#1610,.F.);
#836=ORIENTED_EDGE('',*,*,#1623,.F.);
#837=ORIENTED_EDGE('',*,*,#1657,.F.);
#838=ORIENTED_EDGE('',*,*,#1658,.T.);
#839=CARTESIAN_POINT('',(0.761747254333675,0.0,0.0));
#840=DIRECTION('',(-1.0,0.0,-0.0));
#841=DIRECTION('',(0.0,1.0,0.0));
#842=ORIENTED_EDGE('',*,*,#1659,.F.);
#843=ORIENTED_EDGE('',*,*,#1658,.F.);
#844=ORIENTED_EDGE('',*,*,#1660,.F.);
#845=ORIENTED_EDGE('',*,*,#1661,.T.);
#846=ORIENTED_EDGE('',*,*,#1662,.T.);
#847=CARTESIAN_POINT('',(1.71062452440442,0.0,0.0));
#848=DIRECTION('',(-1.0,0.0,0.0));
#849=DIRECTION('',(0.0,1.0,0.0));
#850=ORIENTED_EDGE('',*,*,#1618,.T.);
#851=ORIENTED_EDGE('',*,*,#1663,.F.);
#852=ORIENTED_EDGE('',*,*,#1661,.F.);
#853=ORIENTED_EDGE('',*,*,#1664,.F.);
#854=ORIENTED_EDGE('',*,*,#1665,.F.);
#855=CARTESIAN_POINT('',(4.0,0.0,0.0));
#856=DIRECTION('',(1.0,0.0,0.0));
#857=DIRECTION('',(0.0,0.0,-1.0));
#858=ORIENTED_EDGE('',*,*,#1666,.F.);
#859=ORIENTED_EDGE('',*,*,#1615,.F.);
#860=ORIENTED_EDGE('',*,*,#1620,.F.);
#861=ORIENTED_EDGE('',*,*,#1667,.F.);
#862=ORIENTED_EDGE('',*,*,#1668,.T.);
#863=CARTESIAN_POINT('',(6.28937547559558,0.0,0.0));
#864=DIRECTION('',(-1.0,0.0,0.0));
#865=DIRECTION('',(0.0,1.0,0.0));
#866=ORIENTED_EDGE('',*,*,#1669,.F.);
#867=ORIENTED_EDGE('',*,*,#1668,.F.);
#868=ORIENTED_EDGE('',*,*,#1670,.F.);
#869=ORIENTED_EDGE('',*,*,#1628,.T.);
#870=ORIENTED_EDGE('',*,*,#1671,.T.);
#871=CARTESIAN_POINT('',(7.23825274566632,0.0,0.0));
#872=DIRECTION('',(1.0,-0.0,-0.0));
#873=DIRECTION('',(0.0,1.0,0.0));
#874=ORIENTED_EDGE('',*,*,#1669,.T.);
#875=ORIENTED_EDGE('',*,*,#1672,.T.);
#876=ORIENTED_EDGE('',*,*,#1629,.T.);
#877=ORIENTED_EDGE('',*,*,#1670,.T.);
#878=ORIENTED_EDGE('',*,*,#1673,.F.);
#879=CARTESIAN_POINT('',(7.23825274566632,0.0,0.0));
#880=DIRECTION('',(1.0,-0.0,-0.0));
#881=DIRECTION('',(0.0,1.0,0.0));
#882=ORIENTED_EDGE('',*,*,#1666,.T.);
#883=ORIENTED_EDGE('',*,*,#1673,.T.);
#884=ORIENTED_EDGE('',*,*,#1667,.T.);
#885=ORIENTED_EDGE('',*,*,#1619,.F.);
#886=ORIENTED_EDGE('',*,*,#1616,.F.);
#887=CARTESIAN_POINT('',(6.28937547559558,0.0,0.0));
#888=DIRECTION('',(-1.0,0.0,0.0));
#889=DIRECTION('',(0.0,1.0,0.0));
#890=ORIENTED_EDGE('',*,*,#1613,.T.);
#891=ORIENTED_EDGE('',*,*,#1665,.T.);
#892=ORIENTED_EDGE('',*,*,#1674,.F.);
#893=ORIENTED_EDGE('',*,*,#1662,.F.);
#894=ORIENTED_EDGE('',*,*,#1663,.T.);
#895=CARTESIAN_POINT('',(4.0,0.0,0.0));
#896=DIRECTION('',(1.0,0.0,0.0));
#897=DIRECTION('',(0.0,0.0,-1.0));
#898=ORIENTED_EDGE('',*,*,#1659,.T.);
#899=ORIENTED_EDGE('',*,*,#1674,.T.);
#900=ORIENTED_EDGE('',*,*,#1664,.T.);
#901=ORIENTED_EDGE('',*,*,#1660,.T.);
#902=ORIENTED_EDGE('',*,*,#1675,.F.);
#903=CARTESIAN_POINT('',(1.71062452440442,0.0,0.0));
#904=DIRECTION('',(-1.0,0.0,0.0));
#905=DIRECTION('',(0.0,1.0,0.0));
#906=ORIENTED_EDGE('',*,*,#1656,.T.);
#907=ORIENTED_EDGE('',*,*,#1675,.T.);
#908=ORIENTED_EDGE('',*,*,#1657,.T.);
#909=ORIENTED_EDGE('',*,*,#1622,.F.);
#910=ORIENTED_EDGE('',*,*,#1611,.F.);
#911=CARTESIAN_POINT('',(0.761747254333675,0.0,0.0));
#912=DIRECTION('',(-1.0,0.0,-0.0));
#913=DIRECTION('',(0.0,1.0,0.0));
#914=ORIENTED_EDGE('',*,*,#1608,.T.);
#915=ORIENTED_EDGE('',*,*,#1655,.T.);
#916=ORIENTED_EDGE('',*,*,#1676,.F.);
#917=ORIENTED_EDGE('',*,*,#1652,.F.);
#918=ORIENTED_EDGE('',*,*,#1653,.T.);
#919=CARTESIAN_POINT('',(0.419999999999999,0.0,0.0));
#920=DIRECTION('',(1.0,0.0,0.0));
#921=DIRECTION('',(0.0,0.0,-1.0));
#922=ORIENTED_EDGE('',*,*,#1648,.T.);
#923=ORIENTED_EDGE('',*,*,#1676,.T.);
#924=ORIENTED_EDGE('',*,*,#1654,.T.);
#925=ORIENTED_EDGE('',*,*,#1650,.T.);
#926=ORIENTED_EDGE('',*,*,#1677,.F.);
#927=CARTESIAN_POINT('',(0.0699999999999994,0.0,0.0));
#928=DIRECTION('',(-1.0,0.0,0.0));
#929=DIRECTION('',(0.0,1.0,0.0));
#930=ORIENTED_EDGE('',*,*,#1645,.F.);
#931=ORIENTED_EDGE('',*,*,#1678,.F.);
#932=ORIENTED_EDGE('',*,*,#1677,.T.);
#933=ORIENTED_EDGE('',*,*,#1649,.T.);
#934=CARTESIAN_POINT('',(-2.00210128423889E-16,11.15,0.0));
#935=DIRECTION('',(-1.0,6.12303176911189E-17,0.0));
#936=DIRECTION('',(0.0,0.0,1.0));
#937=ORIENTED_EDGE('',*,*,#1644,.T.);
#938=ORIENTED_EDGE('',*,*,#1679,.F.);
#939=ORIENTED_EDGE('',*,*,#1641,.F.);
#940=ORIENTED_EDGE('',*,*,#1646,.T.);
#941=ORIENTED_EDGE('',*,*,#1678,.T.);
#942=CARTESIAN_POINT('',(0.3,0.0,0.0));
#943=DIRECTION('',(1.0,0.0,0.0));
#944=DIRECTION('',(0.0,0.0,-1.0));
#945=ORIENTED_EDGE('',*,*,#1639,.T.);
#946=ORIENTED_EDGE('',*,*,#1635,.F.);
#947=ORIENTED_EDGE('',*,*,#1680,.F.);
#948=ORIENTED_EDGE('',*,*,#1642,.T.);
#949=ORIENTED_EDGE('',*,*,#1679,.T.);
#950=ORIENTED_EDGE('',*,*,#1647,.T.);
#951=CARTESIAN_POINT('',(4.0,0.0,0.0));
#952=DIRECTION('',(-1.0,0.0,0.0));
#953=DIRECTION('',(0.0,1.0,0.0));
#954=ORIENTED_EDGE('',*,*,#1634,.T.);
#955=ORIENTED_EDGE('',*,*,#1681,.F.);
#956=ORIENTED_EDGE('',*,*,#1637,.T.);
#957=ORIENTED_EDGE('',*,*,#1643,.T.);
#958=ORIENTED_EDGE('',*,*,#1680,.T.);
#959=CARTESIAN_POINT('',(7.7,0.0,0.0));
#960=DIRECTION('',(1.0,0.0,0.0));
#961=DIRECTION('',(0.0,0.0,-1.0));
#962=ORIENTED_EDGE('',*,*,#1681,.T.);
#963=ORIENTED_EDGE('',*,*,#1638,.T.);
#964=ORIENTED_EDGE('',*,*,#1682,.F.);
#965=ORIENTED_EDGE('',*,*,#1633,.F.);
#966=CARTESIAN_POINT('',(8.0,11.15,0.0));
#967=DIRECTION('',(1.0,0.0,0.0));
#968=DIRECTION('',(0.0,1.0,0.0));
#969=ORIENTED_EDGE('',*,*,#1631,.T.);
#970=ORIENTED_EDGE('',*,*,#1682,.T.);
#971=ORIENTED_EDGE('',*,*,#1632,.T.);
#972=ORIENTED_EDGE('',*,*,#1625,.F.);
#973=ORIENTED_EDGE('',*,*,#1606,.F.);
#974=CARTESIAN_POINT('',(7.93,0.0,0.0));
#975=DIRECTION('',(-1.0,0.0,0.0));
#976=DIRECTION('',(0.0,1.0,0.0));
#977=ORIENTED_EDGE('',*,*,#1603,.T.);
#978=ORIENTED_EDGE('',*,*,#1630,.T.);
#979=ORIENTED_EDGE('',*,*,#1672,.F.);
#980=ORIENTED_EDGE('',*,*,#1671,.F.);
#981=ORIENTED_EDGE('',*,*,#1627,.T.);
#982=CARTESIAN_POINT('',(7.58,0.0,0.0));
#983=DIRECTION('',(1.0,0.0,0.0));
#984=DIRECTION('',(0.0,0.0,-1.0));
#985=ORIENTED_EDGE('',*,*,#1683,.F.);
#986=ORIENTED_EDGE('',*,*,#1684,.T.);
#987=ORIENTED_EDGE('',*,*,#1685,.F.);
#988=ORIENTED_EDGE('',*,*,#1686,.F.);
#989=ORIENTED_EDGE('',*,*,#1687,.T.);
#990=CARTESIAN_POINT('',(4.0,0.0,0.0));
#991=DIRECTION('',(1.0,0.0,0.0));
#992=DIRECTION('',(0.0,0.0,-1.0));
#993=ORIENTED_EDGE('',*,*,#1688,.F.);
#994=ORIENTED_EDGE('',*,*,#1687,.F.);
#995=ORIENTED_EDGE('',*,*,#1689,.F.);
#996=ORIENTED_EDGE('',*,*,#1690,.F.);
#997=ORIENTED_EDGE('',*,*,#1684,.F.);
#998=CARTESIAN_POINT('',(4.0,0.0,0.0));
#999=DIRECTION('',(1.0,0.0,0.0));
#1000=DIRECTION('',(0.0,0.0,-1.0));
#1001=ORIENTED_EDGE('',*,*,#1691,.F.);
#1002=ORIENTED_EDGE('',*,*,#1685,.T.);
#1003=ORIENTED_EDGE('',*,*,#1690,.T.);
#1004=ORIENTED_EDGE('',*,*,#1692,.F.);
#1005=ORIENTED_EDGE('',*,*,#1693,.F.);
#1006=CARTESIAN_POINT('',(6.7603642630345,0.0,0.0));
#1007=DIRECTION('',(-1.0,0.0,0.0));
#1008=DIRECTION('',(0.0,1.0,0.0));
#1009=ORIENTED_EDGE('',*,*,#1688,.T.);
#1010=ORIENTED_EDGE('',*,*,#1694,.F.);
#1011=ORIENTED_EDGE('',*,*,#1695,.T.);
#1012=ORIENTED_EDGE('',*,*,#1696,.T.);
#1013=ORIENTED_EDGE('',*,*,#1697,.F.);
#1014=CARTESIAN_POINT('',(4.0,0.0,0.0));
#1015=DIRECTION('',(1.0,0.0,0.0));
#1016=DIRECTION('',(0.0,0.0,-1.0));
#1017=ORIENTED_EDGE('',*,*,#1698,.F.);
#1018=ORIENTED_EDGE('',*,*,#1699,.T.);
#1019=ORIENTED_EDGE('',*,*,#1700,.F.);
#1020=ORIENTED_EDGE('',*,*,#1695,.F.);
#1021=ORIENTED_EDGE('',*,*,#1701,.F.);
#1022=CARTESIAN_POINT('',(1.2396357369655,0.0,0.0));
#1023=DIRECTION('',(-1.0,0.0,0.0));
#1024=DIRECTION('',(0.0,1.0,0.0));
#1025=ORIENTED_EDGE('',*,*,#1702,.F.);
#1026=ORIENTED_EDGE('',*,*,#1703,.T.);
#1027=ORIENTED_EDGE('',*,*,#1704,.T.);
#1028=ORIENTED_EDGE('',*,*,#1705,.F.);
#1029=ORIENTED_EDGE('',*,*,#1706,.F.);
#1030=CARTESIAN_POINT('',(0.3,0.0,0.0));
#1031=DIRECTION('',(1.0,0.0,0.0));
#1032=DIRECTION('',(0.0,0.0,-1.0));
#1033=ORIENTED_EDGE('',*,*,#1707,.F.);
#1034=ORIENTED_EDGE('',*,*,#1703,.F.);
#1035=ORIENTED_EDGE('',*,*,#1708,.F.);
#1036=ORIENTED_EDGE('',*,*,#1709,.F.);
#1037=ORIENTED_EDGE('',*,*,#1710,.T.);
#1038=ORIENTED_EDGE('',*,*,#1711,.T.);
#1039=CARTESIAN_POINT('',(4.0,0.0,0.0));
#1040=DIRECTION('',(-1.0,0.0,0.0));
#1041=DIRECTION('',(0.0,1.0,0.0));
#1042=ORIENTED_EDGE('',*,*,#1712,.F.);
#1043=ORIENTED_EDGE('',*,*,#1713,.T.);
#1044=ORIENTED_EDGE('',*,*,#1714,.F.);
#1045=ORIENTED_EDGE('',*,*,#1715,.F.);
#1046=ORIENTED_EDGE('',*,*,#1711,.F.);
#1047=CARTESIAN_POINT('',(7.7,0.0,0.0));
#1048=DIRECTION('',(1.0,0.0,0.0));
#1049=DIRECTION('',(0.0,0.0,-1.0));
#1050=ORIENTED_EDGE('',*,*,#1693,.T.);
#1051=ORIENTED_EDGE('',*,*,#1716,.T.);
#1052=ORIENTED_EDGE('',*,*,#1713,.F.);
#1053=ORIENTED_EDGE('',*,*,#1717,.F.);
#1054=CARTESIAN_POINT('',(8.0,5.7625,0.0));
#1055=DIRECTION('',(1.0,0.0,0.0));
#1056=DIRECTION('',(0.0,1.0,0.0));
#1057=ORIENTED_EDGE('',*,*,#1712,.T.);
#1058=ORIENTED_EDGE('',*,*,#1710,.F.);
#1059=ORIENTED_EDGE('',*,*,#1718,.F.);
#1060=ORIENTED_EDGE('',*,*,#1714,.T.);
#1061=ORIENTED_EDGE('',*,*,#1717,.T.);
#1062=CARTESIAN_POINT('',(7.7,0.0,0.0));
#1063=DIRECTION('',(1.0,0.0,0.0));
#1064=DIRECTION('',(0.0,0.0,-1.0));
#1065=ORIENTED_EDGE('',*,*,#1707,.T.);
#1066=ORIENTED_EDGE('',*,*,#1715,.T.);
#1067=ORIENTED_EDGE('',*,*,#1718,.T.);
#1068=ORIENTED_EDGE('',*,*,#1709,.T.);
#1069=ORIENTED_EDGE('',*,*,#1719,.F.);
#1070=ORIENTED_EDGE('',*,*,#1704,.F.);
#1071=CARTESIAN_POINT('',(4.0,0.0,0.0));
#1072=DIRECTION('',(-1.0,0.0,0.0));
#1073=DIRECTION('',(0.0,1.0,0.0));
#1074=ORIENTED_EDGE('',*,*,#1702,.T.);
#1075=ORIENTED_EDGE('',*,*,#1720,.F.);
#1076=ORIENTED_EDGE('',*,*,#1705,.T.);
#1077=ORIENTED_EDGE('',*,*,#1719,.T.);
#1078=ORIENTED_EDGE('',*,*,#1708,.T.);
#1079=CARTESIAN_POINT('',(0.3,0.0,0.0));
#1080=DIRECTION('',(1.0,0.0,0.0));
#1081=DIRECTION('',(0.0,0.0,-1.0));
#1082=ORIENTED_EDGE('',*,*,#1699,.F.);
#1083=ORIENTED_EDGE('',*,*,#1721,.F.);
#1084=ORIENTED_EDGE('',*,*,#1720,.T.);
#1085=ORIENTED_EDGE('',*,*,#1706,.T.);
#1086=CARTESIAN_POINT('',(-7.69841140705121E-17,5.7625,0.0));
#1087=DIRECTION('',(-1.0,6.12303176911189E-17,0.0));
#1088=DIRECTION('',(0.0,0.0,1.0));
#1089=ORIENTED_EDGE('',*,*,#1698,.T.);
#1090=ORIENTED_EDGE('',*,*,#1722,.F.);
#1091=ORIENTED_EDGE('',*,*,#1696,.F.);
#1092=ORIENTED_EDGE('',*,*,#1700,.T.);
#1093=ORIENTED_EDGE('',*,*,#1721,.T.);
#1094=CARTESIAN_POINT('',(1.2396357369655,0.0,0.0));
#1095=DIRECTION('',(-1.0,0.0,0.0));
#1096=DIRECTION('',(0.0,1.0,0.0));
#1097=ORIENTED_EDGE('',*,*,#1683,.T.);
#1098=ORIENTED_EDGE('',*,*,#1697,.T.);
#1099=ORIENTED_EDGE('',*,*,#1722,.T.);
#1100=ORIENTED_EDGE('',*,*,#1701,.T.);
#1101=ORIENTED_EDGE('',*,*,#1694,.T.);
#1102=CARTESIAN_POINT('',(4.0,0.0,0.0));
#1103=DIRECTION('',(1.0,0.0,0.0));
#1104=DIRECTION('',(0.0,0.0,-1.0));
#1105=ORIENTED_EDGE('',*,*,#1691,.T.);
#1106=ORIENTED_EDGE('',*,*,#1716,.F.);
#1107=ORIENTED_EDGE('',*,*,#1692,.T.);
#1108=ORIENTED_EDGE('',*,*,#1689,.T.);
#1109=ORIENTED_EDGE('',*,*,#1686,.T.);
#1110=CARTESIAN_POINT('',(6.7603642630345,0.0,0.0));
#1111=DIRECTION('',(-1.0,0.0,0.0));
#1112=DIRECTION('',(0.0,1.0,0.0));
#1113=ORIENTED_EDGE('',*,*,#1723,.F.);
#1114=ORIENTED_EDGE('',*,*,#1724,.F.);
#1115=ORIENTED_EDGE('',*,*,#1725,.F.);
#1116=ORIENTED_EDGE('',*,*,#1726,.T.);
#1117=CARTESIAN_POINT('',(7.38844627563315,0.0,0.0));
#1118=DIRECTION('',(-1.0,0.0,-0.0));
#1119=DIRECTION('',(0.0,1.0,0.0));
#1120=ORIENTED_EDGE('',*,*,#1727,.F.);
#1121=ORIENTED_EDGE('',*,*,#1728,.T.);
#1122=ORIENTED_EDGE('',*,*,#1729,.F.);
#1123=ORIENTED_EDGE('',*,*,#1730,.F.);
#1124=CARTESIAN_POINT('',(7.38844627563315,0.0,0.0));
#1125=DIRECTION('',(-1.0,0.0,0.0));
#1126=DIRECTION('',(0.0,1.0,0.0));
#1127=ORIENTED_EDGE('',*,*,#1731,.F.);
#1128=ORIENTED_EDGE('',*,*,#1732,.F.);
#1129=ORIENTED_EDGE('',*,*,#1733,.F.);
#1130=ORIENTED_EDGE('',*,*,#1734,.T.);
#1131=CARTESIAN_POINT('',(7.49344627563315,0.0,0.0));
#1132=DIRECTION('',(-1.0,0.0,0.0));
#1133=DIRECTION('',(0.0,1.0,0.0));
#1134=ORIENTED_EDGE('',*,*,#1735,.F.);
#1135=ORIENTED_EDGE('',*,*,#1736,.T.);
#1136=ORIENTED_EDGE('',*,*,#1737,.F.);
#1137=ORIENTED_EDGE('',*,*,#1738,.F.);
#1138=CARTESIAN_POINT('',(7.59844627563315,0.0,0.0));
#1139=DIRECTION('',(-1.0,0.0,-0.0));
#1140=DIRECTION('',(0.0,1.0,0.0));
#1141=ORIENTED_EDGE('',*,*,#1739,.F.);
#1142=ORIENTED_EDGE('',*,*,#1740,.F.);
#1143=ORIENTED_EDGE('',*,*,#1741,.F.);
#1144=ORIENTED_EDGE('',*,*,#1742,.T.);
#1145=CARTESIAN_POINT('',(7.4764662904283,0.0,0.0));
#1146=DIRECTION('',(1.0,-0.0,-0.0));
#1147=DIRECTION('',(0.0,1.0,0.0));
#1148=ORIENTED_EDGE('',*,*,#1743,.F.);
#1149=ORIENTED_EDGE('',*,*,#1744,.T.);
#1150=ORIENTED_EDGE('',*,*,#1745,.F.);
#1151=ORIENTED_EDGE('',*,*,#1746,.F.);
#1152=CARTESIAN_POINT('',(7.45786651097545,0.0,0.0));
#1153=DIRECTION('',(-1.0,0.0,0.0));
#1154=DIRECTION('',(0.0,1.0,0.0));
#1155=ORIENTED_EDGE('',*,*,#1747,.F.);
#1156=ORIENTED_EDGE('',*,*,#1748,.T.);
#1157=ORIENTED_EDGE('',*,*,#1749,.F.);
#1158=ORIENTED_EDGE('',*,*,#1744,.F.);
#1159=CARTESIAN_POINT('',(7.2648464961803,0.0,0.0));
#1160=DIRECTION('',(1.0,-0.0,-0.0));
#1161=DIRECTION('',(0.0,1.0,0.0));
#1162=ORIENTED_EDGE('',*,*,#1747,.T.);
#1163=ORIENTED_EDGE('',*,*,#1750,.F.);
#1164=ORIENTED_EDGE('',*,*,#1749,.T.);
#1165=ORIENTED_EDGE('',*,*,#1751,.T.);
#1166=CARTESIAN_POINT('',(7.2648464961803,0.0,0.0));
#1167=DIRECTION('',(1.0,-0.0,-0.0));
#1168=DIRECTION('',(0.0,1.0,0.0));
#1169=ORIENTED_EDGE('',*,*,#1743,.T.);
#1170=ORIENTED_EDGE('',*,*,#1742,.F.);
#1171=ORIENTED_EDGE('',*,*,#1745,.T.);
#1172=ORIENTED_EDGE('',*,*,#1750,.T.);
#1173=CARTESIAN_POINT('',(7.45786651097545,0.0,0.0));
#1174=DIRECTION('',(-1.0,0.0,0.0));
#1175=DIRECTION('',(0.0,1.0,0.0));
#1176=ORIENTED_EDGE('',*,*,#1739,.T.);
#1177=ORIENTED_EDGE('',*,*,#1746,.T.);
#1178=ORIENTED_EDGE('',*,*,#1741,.T.);
#1179=ORIENTED_EDGE('',*,*,#1752,.F.);
#1180=CARTESIAN_POINT('',(7.4764662904283,0.0,0.0));
#1181=DIRECTION('',(1.0,-0.0,-0.0));
#1182=DIRECTION('',(0.0,1.0,0.0));
#1183=ORIENTED_EDGE('',*,*,#1752,.T.);
#1184=ORIENTED_EDGE('',*,*,#1740,.T.);
#1185=ORIENTED_EDGE('',*,*,#1736,.F.);
#1186=ORIENTED_EDGE('',*,*,#1753,.F.);
#1187=CARTESIAN_POINT('',(7.38844627563315,9.82730611437895,0.0));
#1188=DIRECTION('',(1.0,-2.55476146968438E-16,0.0));
#1189=DIRECTION('',(-2.55476146968438E-16,-1.0,0.0));
#1190=ORIENTED_EDGE('',*,*,#1735,.T.);
#1191=ORIENTED_EDGE('',*,*,#1754,.F.);
#1192=ORIENTED_EDGE('',*,*,#1737,.T.);
#1193=ORIENTED_EDGE('',*,*,#1753,.T.);
#1194=CARTESIAN_POINT('',(7.59844627563315,0.0,0.0));
#1195=DIRECTION('',(-1.0,0.0,-0.0));
#1196=DIRECTION('',(0.0,1.0,0.0));
#1197=ORIENTED_EDGE('',*,*,#1738,.T.);
#1198=ORIENTED_EDGE('',*,*,#1754,.T.);
#1199=ORIENTED_EDGE('',*,*,#1755,.F.);
#1200=ORIENTED_EDGE('',*,*,#1734,.F.);
#1201=CARTESIAN_POINT('',(7.80844627563315,8.35586742404918,0.0));
#1202=DIRECTION('',(1.0,1.11343257859909E-16,0.0));
#1203=DIRECTION('',(-1.11343257859909E-16,1.0,0.0));
#1204=ORIENTED_EDGE('',*,*,#1731,.T.);
#1205=ORIENTED_EDGE('',*,*,#1755,.T.);
#1206=ORIENTED_EDGE('',*,*,#1733,.T.);
#1207=ORIENTED_EDGE('',*,*,#1756,.F.);
#1208=CARTESIAN_POINT('',(7.49344627563315,0.0,0.0));
#1209=DIRECTION('',(-1.0,0.0,0.0));
#1210=DIRECTION('',(0.0,1.0,0.0));
#1211=ORIENTED_EDGE('',*,*,#1728,.F.);
#1212=ORIENTED_EDGE('',*,*,#1757,.F.);
#1213=ORIENTED_EDGE('',*,*,#1756,.T.);
#1214=ORIENTED_EDGE('',*,*,#1732,.T.);
#1215=CARTESIAN_POINT('',(7.17844627563315,7.46375,0.0));
#1216=DIRECTION('',(-1.0,6.12303176911188E-17,0.0));
#1217=DIRECTION('',(0.0,0.0,1.0));
#1218=ORIENTED_EDGE('',*,*,#1727,.T.);
#1219=ORIENTED_EDGE('',*,*,#1758,.F.);
#1220=ORIENTED_EDGE('',*,*,#1729,.T.);
#1221=ORIENTED_EDGE('',*,*,#1757,.T.);
#1222=CARTESIAN_POINT('',(7.38844627563315,0.0,0.0));
#1223=DIRECTION('',(-1.0,0.0,0.0));
#1224=DIRECTION('',(0.0,1.0,0.0));
#1225=ORIENTED_EDGE('',*,*,#1759,.F.);
#1226=ORIENTED_EDGE('',*,*,#1726,.F.);
#1227=ORIENTED_EDGE('',*,*,#1730,.T.);
#1228=ORIENTED_EDGE('',*,*,#1758,.T.);
#1229=CARTESIAN_POINT('',(7.59844627563315,8.417375,0.0));
#1230=DIRECTION('',(-1.0,-2.61652207895161E-16,0.0));
#1231=DIRECTION('',(-2.61652207895161E-16,1.0,0.0));
#1232=ORIENTED_EDGE('',*,*,#1723,.T.);
#1233=ORIENTED_EDGE('',*,*,#1759,.T.);
#1234=ORIENTED_EDGE('',*,*,#1725,.T.);
#1235=ORIENTED_EDGE('',*,*,#1760,.F.);
#1236=CARTESIAN_POINT('',(7.38844627563315,0.0,0.0));
#1237=DIRECTION('',(-1.0,0.0,-0.0));
#1238=DIRECTION('',(0.0,1.0,0.0));
#1239=ORIENTED_EDGE('',*,*,#1748,.F.);
#1240=ORIENTED_EDGE('',*,*,#1751,.F.);
#1241=ORIENTED_EDGE('',*,*,#1760,.T.);
#1242=ORIENTED_EDGE('',*,*,#1724,.T.);
#1243=CARTESIAN_POINT('',(7.17844627563315,9.793,0.0));
#1244=DIRECTION('',(-1.0,-6.12303176911188E-17,0.0));
#1245=DIRECTION('',(-6.12303176911188E-17,1.0,0.0));
#1246=ORIENTED_EDGE('',*,*,#1761,.F.);
#1247=ORIENTED_EDGE('',*,*,#1762,.F.);
#1248=ORIENTED_EDGE('',*,*,#1763,.F.);
#1249=ORIENTED_EDGE('',*,*,#1764,.T.);
#1250=CARTESIAN_POINT('',(0.611553724366851,0.0,-4.14951283872612E-16));
#1251=DIRECTION('',(1.0,-0.0,1.22460635382238E-16));
#1252=DIRECTION('',(0.0,1.0,0.0));
#1253=ORIENTED_EDGE('',*,*,#1765,.F.);
#1254=ORIENTED_EDGE('',*,*,#1766,.T.);
#1255=ORIENTED_EDGE('',*,*,#1767,.F.);
#1256=ORIENTED_EDGE('',*,*,#1768,.F.);
#1257=CARTESIAN_POINT('',(0.611553724366851,0.0,-4.14951283872612E-16));
#1258=DIRECTION('',(1.0,-0.0,1.22460635382238E-16));
#1259=DIRECTION('',(0.0,1.0,0.0));
#1260=ORIENTED_EDGE('',*,*,#1769,.F.);
#1261=ORIENTED_EDGE('',*,*,#1770,.F.);
#1262=ORIENTED_EDGE('',*,*,#1771,.F.);
#1263=ORIENTED_EDGE('',*,*,#1772,.T.);
#1264=CARTESIAN_POINT('',(0.506553724366851,0.0,-4.27809650587747E-16));
#1265=DIRECTION('',(1.0,-0.0,1.22460635382238E-16));
#1266=DIRECTION('',(0.0,1.0,0.0));
#1267=ORIENTED_EDGE('',*,*,#1773,.F.);
#1268=ORIENTED_EDGE('',*,*,#1774,.T.);
#1269=ORIENTED_EDGE('',*,*,#1775,.F.);
#1270=ORIENTED_EDGE('',*,*,#1776,.F.);
#1271=CARTESIAN_POINT('',(0.401553724366852,0.0,-4.40668017302882E-16));
#1272=DIRECTION('',(1.0,-0.0,1.22460635382238E-16));
#1273=DIRECTION('',(0.0,1.0,0.0));
#1274=ORIENTED_EDGE('',*,*,#1777,.F.);
#1275=ORIENTED_EDGE('',*,*,#1778,.F.);
#1276=ORIENTED_EDGE('',*,*,#1779,.F.);
#1277=ORIENTED_EDGE('',*,*,#1780,.T.);
#1278=CARTESIAN_POINT('',(0.5235337095717,0.0,-4.25730270810781E-16));
#1279=DIRECTION('',(-1.0,0.0,-1.22460635382238E-16));
#1280=DIRECTION('',(0.0,1.0,0.0));
#1281=ORIENTED_EDGE('',*,*,#1781,.F.);
#1282=ORIENTED_EDGE('',*,*,#1782,.T.);
#1283=ORIENTED_EDGE('',*,*,#1783,.F.);
#1284=ORIENTED_EDGE('',*,*,#1784,.F.);
#1285=CARTESIAN_POINT('',(0.542133489024552,0.0,-4.23452530001015E-16));
#1286=DIRECTION('',(1.0,-0.0,1.22460635382238E-16));
#1287=DIRECTION('',(0.0,1.0,0.0));
#1288=ORIENTED_EDGE('',*,*,#1785,.F.);
#1289=ORIENTED_EDGE('',*,*,#1786,.T.);
#1290=ORIENTED_EDGE('',*,*,#1787,.F.);
#1291=ORIENTED_EDGE('',*,*,#1782,.F.);
#1292=CARTESIAN_POINT('',(0.735153503819703,0.0,-3.99815176347712E-16));
#1293=DIRECTION('',(-1.0,0.0,-1.22460635382238E-16));
#1294=DIRECTION('',(0.0,1.0,0.0));
#1295=ORIENTED_EDGE('',*,*,#1785,.T.);
#1296=ORIENTED_EDGE('',*,*,#1788,.F.);
#1297=ORIENTED_EDGE('',*,*,#1787,.T.);
#1298=ORIENTED_EDGE('',*,*,#1789,.T.);
#1299=CARTESIAN_POINT('',(0.735153503819703,0.0,-3.99815176347712E-16));
#1300=DIRECTION('',(-1.0,0.0,-1.22460635382238E-16));
#1301=DIRECTION('',(0.0,1.0,0.0));
#1302=ORIENTED_EDGE('',*,*,#1781,.T.);
#1303=ORIENTED_EDGE('',*,*,#1780,.F.);
#1304=ORIENTED_EDGE('',*,*,#1783,.T.);
#1305=ORIENTED_EDGE('',*,*,#1788,.T.);
#1306=CARTESIAN_POINT('',(0.542133489024552,0.0,-4.23452530001015E-16));
#1307=DIRECTION('',(1.0,-0.0,1.22460635382238E-16));
#1308=DIRECTION('',(0.0,1.0,0.0));
#1309=ORIENTED_EDGE('',*,*,#1777,.T.);
#1310=ORIENTED_EDGE('',*,*,#1784,.T.);
#1311=ORIENTED_EDGE('',*,*,#1779,.T.);
#1312=ORIENTED_EDGE('',*,*,#1790,.F.);
#1313=CARTESIAN_POINT('',(0.5235337095717,0.0,-4.25730270810781E-16));
#1314=DIRECTION('',(-1.0,0.0,-1.22460635382238E-16));
#1315=DIRECTION('',(0.0,1.0,0.0));
#1316=ORIENTED_EDGE('',*,*,#1790,.T.);
#1317=ORIENTED_EDGE('',*,*,#1778,.T.);
#1318=ORIENTED_EDGE('',*,*,#1774,.F.);
#1319=ORIENTED_EDGE('',*,*,#1791,.F.);
#1320=CARTESIAN_POINT('',(0.611553724366851,9.82730611437895,-4.14951283872612E-16));
#1321=DIRECTION('',(-1.0,-2.55476146968438E-16,-1.22460635382238E-16));
#1322=DIRECTION('',(-2.55476146968438E-16,1.0,0.0));
#1323=ORIENTED_EDGE('',*,*,#1773,.T.);
#1324=ORIENTED_EDGE('',*,*,#1792,.F.);
#1325=ORIENTED_EDGE('',*,*,#1775,.T.);
#1326=ORIENTED_EDGE('',*,*,#1791,.T.);
#1327=CARTESIAN_POINT('',(0.401553724366852,0.0,-4.40668017302882E-16));
#1328=DIRECTION('',(1.0,-0.0,1.22460635382238E-16));
#1329=DIRECTION('',(0.0,1.0,0.0));
#1330=ORIENTED_EDGE('',*,*,#1776,.T.);
#1331=ORIENTED_EDGE('',*,*,#1792,.T.);
#1332=ORIENTED_EDGE('',*,*,#1793,.F.);
#1333=ORIENTED_EDGE('',*,*,#1772,.F.);
#1334=CARTESIAN_POINT('',(0.191553724366852,8.35586742404918,-4.66384750733152E-16));
#1335=DIRECTION('',(-1.0,1.11343257859909E-16,-1.22460635382238E-16));
#1336=DIRECTION('',(-1.22460635382238E-16,0.0,1.0));
#1337=ORIENTED_EDGE('',*,*,#1769,.T.);
#1338=ORIENTED_EDGE('',*,*,#1793,.T.);
#1339=ORIENTED_EDGE('',*,*,#1771,.T.);
#1340=ORIENTED_EDGE('',*,*,#1794,.F.);
#1341=CARTESIAN_POINT('',(0.506553724366851,0.0,-4.27809650587747E-16));
#1342=DIRECTION('',(1.0,-0.0,1.22460635382238E-16));
#1343=DIRECTION('',(0.0,1.0,0.0));
#1344=ORIENTED_EDGE('',*,*,#1766,.F.);
#1345=ORIENTED_EDGE('',*,*,#1795,.F.);
#1346=ORIENTED_EDGE('',*,*,#1794,.T.);
#1347=ORIENTED_EDGE('',*,*,#1770,.T.);
#1348=CARTESIAN_POINT('',(0.821553724366851,7.46375,-3.89234550442343E-16));
#1349=DIRECTION('',(1.0,6.12303176911188E-17,1.22460635382238E-16));
#1350=DIRECTION('',(-1.22460635382238E-16,0.0,1.0));
#1351=ORIENTED_EDGE('',*,*,#1765,.T.);
#1352=ORIENTED_EDGE('',*,*,#1796,.F.);
#1353=ORIENTED_EDGE('',*,*,#1767,.T.);
#1354=ORIENTED_EDGE('',*,*,#1795,.T.);
#1355=CARTESIAN_POINT('',(0.611553724366851,0.0,-4.14951283872612E-16));
#1356=DIRECTION('',(1.0,-0.0,1.22460635382238E-16));
#1357=DIRECTION('',(0.0,1.0,0.0));
#1358=ORIENTED_EDGE('',*,*,#1797,.F.);
#1359=ORIENTED_EDGE('',*,*,#1764,.F.);
#1360=ORIENTED_EDGE('',*,*,#1768,.T.);
#1361=ORIENTED_EDGE('',*,*,#1796,.T.);
#1362=CARTESIAN_POINT('',(0.401553724366852,8.417375,-4.40668017302882E-16));
#1363=DIRECTION('',(1.0,-2.61652207895161E-16,1.22460635382238E-16));
#1364=DIRECTION('',(-2.61652207895161E-16,-1.0,0.0));
#1365=ORIENTED_EDGE('',*,*,#1761,.T.);
#1366=ORIENTED_EDGE('',*,*,#1797,.T.);
#1367=ORIENTED_EDGE('',*,*,#1763,.T.);
#1368=ORIENTED_EDGE('',*,*,#1798,.F.);
#1369=CARTESIAN_POINT('',(0.611553724366851,0.0,-4.14951283872612E-16));
#1370=DIRECTION('',(1.0,-0.0,1.22460635382238E-16));
#1371=DIRECTION('',(0.0,1.0,0.0));
#1372=ORIENTED_EDGE('',*,*,#1786,.F.);
#1373=ORIENTED_EDGE('',*,*,#1789,.F.);
#1374=ORIENTED_EDGE('',*,*,#1798,.T.);
#1375=ORIENTED_EDGE('',*,*,#1762,.T.);
#1376=CARTESIAN_POINT('',(0.821553724366851,9.793,-3.89234550442343E-16));
#1377=DIRECTION('',(1.0,-6.12303176911188E-17,1.22460635382238E-16));
#1378=DIRECTION('',(-1.22460635382238E-16,0.0,1.0));
#1379=ORIENTED_EDGE('',*,*,#1799,.F.);
#1380=ORIENTED_EDGE('',*,*,#1800,.T.);
#1381=ORIENTED_EDGE('',*,*,#1801,.F.);
#1382=ORIENTED_EDGE('',*,*,#1802,.T.);
#1383=CARTESIAN_POINT('',(4.0,0.0,0.0));
#1384=DIRECTION('',(1.0,0.0,6.12303176911189E-17));
#1385=DIRECTION('',(6.12303176911189E-17,0.0,-1.0));
#1386=ORIENTED_EDGE('',*,*,#1803,.F.);
#1387=ORIENTED_EDGE('',*,*,#1804,.T.);
#1388=ORIENTED_EDGE('',*,*,#1805,.F.);
#1389=ORIENTED_EDGE('',*,*,#1806,.T.);
#1390=CARTESIAN_POINT('',(4.0,0.0,0.0));
#1391=DIRECTION('',(1.0,0.0,6.12303176911189E-17));
#1392=DIRECTION('',(6.12303176911189E-17,0.0,-1.0));
#1393=ORIENTED_EDGE('',*,*,#1807,.F.);
#1394=ORIENTED_EDGE('',*,*,#1808,.T.);
#1395=ORIENTED_EDGE('',*,*,#1809,.F.);
#1396=ORIENTED_EDGE('',*,*,#1810,.T.);
#1397=CARTESIAN_POINT('',(4.0,0.0,0.0));
#1398=DIRECTION('',(1.0,0.0,6.12303176911189E-17));
#1399=DIRECTION('',(6.12303176911189E-17,0.0,-1.0));
#1400=ORIENTED_EDGE('',*,*,#1811,.F.);
#1401=ORIENTED_EDGE('',*,*,#1812,.T.);
#1402=ORIENTED_EDGE('',*,*,#1813,.F.);
#1403=ORIENTED_EDGE('',*,*,#1814,.T.);
#1404=CARTESIAN_POINT('',(4.0,0.0,0.0));
#1405=DIRECTION('',(1.0,0.0,6.12303176911189E-17));
#1406=DIRECTION('',(6.12303176911189E-17,0.0,-1.0));
#1407=ORIENTED_EDGE('',*,*,#1815,.F.);
#1408=ORIENTED_EDGE('',*,*,#1816,.T.);
#1409=ORIENTED_EDGE('',*,*,#1817,.F.);
#1410=ORIENTED_EDGE('',*,*,#1818,.T.);
#1411=CARTESIAN_POINT('',(4.0,0.0,0.0));
#1412=DIRECTION('',(1.0,0.0,6.12303176911189E-17));
#1413=DIRECTION('',(6.12303176911189E-17,0.0,-1.0));
#1414=ORIENTED_EDGE('',*,*,#1819,.F.);
#1415=ORIENTED_EDGE('',*,*,#1820,.T.);
#1416=ORIENTED_EDGE('',*,*,#1821,.F.);
#1417=ORIENTED_EDGE('',*,*,#1822,.T.);
#1418=CARTESIAN_POINT('',(4.0,0.0,0.0));
#1419=DIRECTION('',(1.0,0.0,6.12303176911189E-17));
#1420=DIRECTION('',(6.12303176911189E-17,0.0,-1.0));
#1421=ORIENTED_EDGE('',*,*,#1823,.F.);
#1422=ORIENTED_EDGE('',*,*,#1824,.T.);
#1423=ORIENTED_EDGE('',*,*,#1825,.F.);
#1424=ORIENTED_EDGE('',*,*,#1826,.T.);
#1425=CARTESIAN_POINT('',(4.0,0.0,0.0));
#1426=DIRECTION('',(1.0,0.0,6.12303176911189E-17));
#1427=DIRECTION('',(6.12303176911189E-17,0.0,-1.0));
#1428=ORIENTED_EDGE('',*,*,#1827,.F.);
#1429=ORIENTED_EDGE('',*,*,#1828,.T.);
#1430=ORIENTED_EDGE('',*,*,#1829,.F.);
#1431=ORIENTED_EDGE('',*,*,#1830,.T.);
#1432=CARTESIAN_POINT('',(4.0,0.0,0.0));
#1433=DIRECTION('',(1.0,0.0,6.12303176911189E-17));
#1434=DIRECTION('',(6.12303176911189E-17,0.0,-1.0));
#1435=ORIENTED_EDGE('',*,*,#1831,.F.);
#1436=ORIENTED_EDGE('',*,*,#1832,.F.);
#1437=CARTESIAN_POINT('',(4.0,8.5,0.0));
#1438=DIRECTION('',(0.0,0.0,1.0));
#1439=DIRECTION('',(1.0,0.0,0.0));
#1440=ORIENTED_EDGE('',*,*,#1833,.F.);
#1441=ORIENTED_EDGE('',*,*,#1834,.F.);
#1442=CARTESIAN_POINT('',(4.0,6.01040764008565,6.01040764008565));
#1443=DIRECTION('',(0.0,-0.707106781186548,0.707106781186548));
#1444=DIRECTION('',(1.0,0.0,0.0));
#1445=ORIENTED_EDGE('',*,*,#1835,.F.);
#1446=ORIENTED_EDGE('',*,*,#1836,.F.);
#1447=CARTESIAN_POINT('',(4.0,5.2045770037451E-16,8.5));
#1448=DIRECTION('',(0.0,-1.0,6.12303176911189E-17));
#1449=DIRECTION('',(1.0,0.0,0.0));
#1450=ORIENTED_EDGE('',*,*,#1837,.F.);
#1451=ORIENTED_EDGE('',*,*,#1838,.F.);
#1452=CARTESIAN_POINT('',(4.0,-6.01040764008565,6.01040764008565));
#1453=DIRECTION('',(0.0,-0.707106781186548,-0.707106781186548));
#1454=DIRECTION('',(1.0,0.0,0.0));
#1455=ORIENTED_EDGE('',*,*,#1839,.F.);
#1456=ORIENTED_EDGE('',*,*,#1840,.F.);
#1457=CARTESIAN_POINT('',(4.0,-8.5,1.04091540074902E-15));
#1458=DIRECTION('',(0.0,-1.22460635382238E-16,-1.0));
#1459=DIRECTION('',(1.0,0.0,0.0));
#1460=ORIENTED_EDGE('',*,*,#1841,.F.);
#1461=ORIENTED_EDGE('',*,*,#1842,.F.);
#1462=CARTESIAN_POINT('',(4.0,-6.01040764008566,-6.01040764008565));
#1463=DIRECTION('',(0.0,0.707106781186547,-0.707106781186548));
#1464=DIRECTION('',(1.0,0.0,0.0));
#1465=ORIENTED_EDGE('',*,*,#1843,.F.);
#1466=ORIENTED_EDGE('',*,*,#1844,.F.);
#1467=CARTESIAN_POINT('',(4.0,-1.56137310112353E-15,-8.5));
#1468=DIRECTION('',(0.0,1.0,-1.83690953073357E-16));
#1469=DIRECTION('',(1.0,0.0,0.0));
#1470=ORIENTED_EDGE('',*,*,#1845,.F.);
#1471=ORIENTED_EDGE('',*,*,#1846,.F.);
#1472=CARTESIAN_POINT('',(4.0,6.01040764008565,-6.01040764008566));
#1473=DIRECTION('',(0.0,0.707106781186548,0.707106781186547));
#1474=DIRECTION('',(1.0,0.0,0.0));
#1475=ORIENTED_EDGE('',*,*,#1845,.T.);
#1476=ORIENTED_EDGE('',*,*,#1846,.T.);
#1477=ORIENTED_EDGE('',*,*,#1847,.F.);
#1478=ORIENTED_EDGE('',*,*,#1822,.F.);
#1479=ORIENTED_EDGE('',*,*,#1824,.F.);
#1480=ORIENTED_EDGE('',*,*,#1848,.F.);
#1481=CARTESIAN_POINT('',(4.0,6.01040764008565,-6.01040764008566));
#1482=DIRECTION('',(0.0,0.707106781186548,0.707106781186547));
#1483=DIRECTION('',(1.0,0.0,0.0));
#1484=ORIENTED_EDGE('',*,*,#1843,.T.);
#1485=ORIENTED_EDGE('',*,*,#1844,.T.);
#1486=ORIENTED_EDGE('',*,*,#1849,.F.);
#1487=ORIENTED_EDGE('',*,*,#1818,.F.);
#1488=ORIENTED_EDGE('',*,*,#1820,.F.);
#1489=ORIENTED_EDGE('',*,*,#1850,.F.);
#1490=CARTESIAN_POINT('',(4.0,-1.56137310112353E-15,-8.5));
#1491=DIRECTION('',(0.0,1.0,-1.83690953073357E-16));
#1492=DIRECTION('',(1.0,0.0,0.0));
#1493=ORIENTED_EDGE('',*,*,#1841,.T.);
#1494=ORIENTED_EDGE('',*,*,#1842,.T.);
#1495=ORIENTED_EDGE('',*,*,#1851,.F.);
#1496=ORIENTED_EDGE('',*,*,#1814,.F.);
#1497=ORIENTED_EDGE('',*,*,#1816,.F.);
#1498=ORIENTED_EDGE('',*,*,#1852,.F.);
#1499=CARTESIAN_POINT('',(4.0,-6.01040764008566,-6.01040764008565));
#1500=DIRECTION('',(0.0,0.707106781186547,-0.707106781186548));
#1501=DIRECTION('',(1.0,0.0,0.0));
#1502=ORIENTED_EDGE('',*,*,#1839,.T.);
#1503=ORIENTED_EDGE('',*,*,#1840,.T.);
#1504=ORIENTED_EDGE('',*,*,#1853,.F.);
#1505=ORIENTED_EDGE('',*,*,#1810,.F.);
#1506=ORIENTED_EDGE('',*,*,#1812,.F.);
#1507=ORIENTED_EDGE('',*,*,#1854,.F.);
#1508=CARTESIAN_POINT('',(4.0,-8.5,1.04091540074902E-15));
#1509=DIRECTION('',(0.0,-1.22460635382238E-16,-1.0));
#1510=DIRECTION('',(1.0,0.0,0.0));
#1511=ORIENTED_EDGE('',*,*,#1837,.T.);
#1512=ORIENTED_EDGE('',*,*,#1838,.T.);
#1513=ORIENTED_EDGE('',*,*,#1855,.F.);
#1514=ORIENTED_EDGE('',*,*,#1806,.F.);
#1515=ORIENTED_EDGE('',*,*,#1808,.F.);
#1516=ORIENTED_EDGE('',*,*,#1856,.F.);
#1517=CARTESIAN_POINT('',(4.0,-6.01040764008565,6.01040764008565));
#1518=DIRECTION('',(0.0,-0.707106781186548,-0.707106781186548));
#1519=DIRECTION('',(1.0,0.0,0.0));
#1520=ORIENTED_EDGE('',*,*,#1835,.T.);
#1521=ORIENTED_EDGE('',*,*,#1836,.T.);
#1522=ORIENTED_EDGE('',*,*,#1857,.F.);
#1523=ORIENTED_EDGE('',*,*,#1830,.F.);
#1524=ORIENTED_EDGE('',*,*,#1804,.F.);
#1525=ORIENTED_EDGE('',*,*,#1858,.F.);
#1526=CARTESIAN_POINT('',(4.0,5.2045770037451E-16,8.5));
#1527=DIRECTION('',(0.0,-1.0,6.12303176911189E-17));
#1528=DIRECTION('',(1.0,0.0,0.0));
#1529=ORIENTED_EDGE('',*,*,#1833,.T.);
#1530=ORIENTED_EDGE('',*,*,#1834,.T.);
#1531=ORIENTED_EDGE('',*,*,#1859,.F.);
#1532=ORIENTED_EDGE('',*,*,#1802,.F.);
#1533=ORIENTED_EDGE('',*,*,#1828,.F.);
#1534=ORIENTED_EDGE('',*,*,#1860,.F.);
#1535=CARTESIAN_POINT('',(4.0,6.01040764008565,6.01040764008565));
#1536=DIRECTION('',(0.0,-0.707106781186548,0.707106781186548));
#1537=DIRECTION('',(1.0,0.0,0.0));
#1538=ORIENTED_EDGE('',*,*,#1831,.T.);
#1539=ORIENTED_EDGE('',*,*,#1832,.T.);
#1540=ORIENTED_EDGE('',*,*,#1861,.F.);
#1541=ORIENTED_EDGE('',*,*,#1826,.F.);
#1542=ORIENTED_EDGE('',*,*,#1800,.F.);
#1543=ORIENTED_EDGE('',*,*,#1862,.F.);
#1544=CARTESIAN_POINT('',(4.0,8.5,0.0));
#1545=DIRECTION('',(0.0,0.0,1.0));
#1546=DIRECTION('',(1.0,0.0,0.0));
#1547=ORIENTED_EDGE('',*,*,#1827,.T.);
#1548=ORIENTED_EDGE('',*,*,#1857,.T.);
#1549=ORIENTED_EDGE('',*,*,#1829,.T.);
#1550=ORIENTED_EDGE('',*,*,#1860,.T.);
#1551=CARTESIAN_POINT('',(4.0,0.0,0.0));
#1552=DIRECTION('',(1.0,0.0,6.12303176911189E-17));
#1553=DIRECTION('',(6.12303176911189E-17,0.0,-1.0));
#1554=ORIENTED_EDGE('',*,*,#1823,.T.);
#1555=ORIENTED_EDGE('',*,*,#1861,.T.);
#1556=ORIENTED_EDGE('',*,*,#1825,.T.);
#1557=ORIENTED_EDGE('',*,*,#1848,.T.);
#1558=CARTESIAN_POINT('',(4.0,0.0,0.0));
#1559=DIRECTION('',(1.0,0.0,6.12303176911189E-17));
#1560=DIRECTION('',(6.12303176911189E-17,0.0,-1.0));
#1561=ORIENTED_EDGE('',*,*,#1819,.T.);
#1562=ORIENTED_EDGE('',*,*,#1847,.T.);
#1563=ORIENTED_EDGE('',*,*,#1821,.T.);
#1564=ORIENTED_EDGE('',*,*,#1850,.T.);
#1565=CARTESIAN_POINT('',(4.0,0.0,0.0));
#1566=DIRECTION('',(1.0,0.0,6.12303176911189E-17));
#1567=DIRECTION('',(6.12303176911189E-17,0.0,-1.0));
#1568=ORIENTED_EDGE('',*,*,#1815,.T.);
#1569=ORIENTED_EDGE('',*,*,#1849,.T.);
#1570=ORIENTED_EDGE('',*,*,#1817,.T.);
#1571=ORIENTED_EDGE('',*,*,#1852,.T.);
#1572=CARTESIAN_POINT('',(4.0,0.0,0.0));
#1573=DIRECTION('',(1.0,0.0,6.12303176911189E-17));
#1574=DIRECTION('',(6.12303176911189E-17,0.0,-1.0));
#1575=ORIENTED_EDGE('',*,*,#1811,.T.);
#1576=ORIENTED_EDGE('',*,*,#1851,.T.);
#1577=ORIENTED_EDGE('',*,*,#1813,.T.);
#1578=ORIENTED_EDGE('',*,*,#1854,.T.);
#1579=CARTESIAN_POINT('',(4.0,0.0,0.0));
#1580=DIRECTION('',(1.0,0.0,6.12303176911189E-17));
#1581=DIRECTION('',(6.12303176911189E-17,0.0,-1.0));
#1582=ORIENTED_EDGE('',*,*,#1807,.T.);
#1583=ORIENTED_EDGE('',*,*,#1853,.T.);
#1584=ORIENTED_EDGE('',*,*,#1809,.T.);
#1585=ORIENTED_EDGE('',*,*,#1856,.T.);
#1586=CARTESIAN_POINT('',(4.0,0.0,0.0));
#1587=DIRECTION('',(1.0,0.0,6.12303176911189E-17));
#1588=DIRECTION('',(6.12303176911189E-17,0.0,-1.0));
#1589=ORIENTED_EDGE('',*,*,#1803,.T.);
#1590=ORIENTED_EDGE('',*,*,#1855,.T.);
#1591=ORIENTED_EDGE('',*,*,#1805,.T.);
#1592=ORIENTED_EDGE('',*,*,#1858,.T.);
#1593=CARTESIAN_POINT('',(4.0,0.0,0.0));
#1594=DIRECTION('',(1.0,0.0,6.12303176911189E-17));
#1595=DIRECTION('',(6.12303176911189E-17,0.0,-1.0));
#1596=ORIENTED_EDGE('',*,*,#1799,.T.);
#1597=ORIENTED_EDGE('',*,*,#1859,.T.);
#1598=ORIENTED_EDGE('',*,*,#1801,.T.);
#1599=ORIENTED_EDGE('',*,*,#1862,.T.);
#1600=CARTESIAN_POINT('',(4.0,0.0,0.0));
#1601=DIRECTION('',(1.0,0.0,6.12303176911189E-17));
#1602=DIRECTION('',(6.12303176911189E-17,0.0,-1.0));
#1603=EDGE_CURVE('',#1863,#1864,#1865,.T.);
#1604=EDGE_CURVE('',#1863,#1866,#1867,.T.);
#1605=EDGE_CURVE('',#1866,#1868,#1869,.T.);
#1606=EDGE_CURVE('',#1868,#1870,#1871,.T.);
#1607=EDGE_CURVE('',#1870,#1864,#1872,.T.);
#1608=EDGE_CURVE('',#1873,#1874,#1875,.T.);
#1609=EDGE_CURVE('',#1873,#1876,#1877,.T.);
#1610=EDGE_CURVE('',#1876,#1878,#1879,.T.);
#1611=EDGE_CURVE('',#1878,#1880,#1881,.T.);
#1612=EDGE_CURVE('',#1880,#1874,#1882,.T.);
#1613=EDGE_CURVE('',#1883,#1884,#1885,.T.);
#1614=EDGE_CURVE('',#1883,#1886,#1887,.T.);
#1615=EDGE_CURVE('',#1886,#1888,#1889,.T.);
#1616=EDGE_CURVE('',#1888,#1890,#1891,.T.);
#1617=EDGE_CURVE('',#1890,#1884,#1892,.T.);
#1618=EDGE_CURVE('',#1884,#1883,#1893,.T.);
#1619=EDGE_CURVE('',#1890,#1894,#1895,.T.);
#1620=EDGE_CURVE('',#1894,#1886,#1896,.T.);
#1621=EDGE_CURVE('',#1874,#1873,#1897,.T.);
#1622=EDGE_CURVE('',#1880,#1898,#1899,.T.);
#1623=EDGE_CURVE('',#1898,#1876,#1900,.T.);
#1624=EDGE_CURVE('',#1864,#1863,#1901,.T.);
#1625=EDGE_CURVE('',#1870,#1902,#1903,.T.);
#1626=EDGE_CURVE('',#1902,#1866,#1904,.T.);
#1627=EDGE_CURVE('',#1905,#1863,#1906,.T.);
#1628=EDGE_CURVE('',#1907,#1905,#1908,.T.);
#1629=EDGE_CURVE('',#1909,#1907,#1910,.T.);
#1630=EDGE_CURVE('',#1864,#1909,#1911,.T.);
#1631=EDGE_CURVE('',#1868,#1912,#1913,.T.);
#1632=EDGE_CURVE('',#1914,#1902,#1915,.T.);
#1633=EDGE_CURVE('',#1914,#1912,#1916,.T.);
#1634=EDGE_CURVE('',#1917,#1918,#1919,.T.);
#1635=EDGE_CURVE('',#1917,#1920,#1921,.T.);
#1636=EDGE_CURVE('',#1920,#1922,#1923,.T.);
#1637=EDGE_CURVE('',#1924,#1922,#1925,.T.);
#1638=EDGE_CURVE('',#1918,#1924,#1926,.T.);
#1639=EDGE_CURVE('',#1927,#1920,#1928,.T.);
#1640=EDGE_CURVE('',#1927,#1929,#1930,.T.);
#1641=EDGE_CURVE('',#1929,#1931,#1932,.T.);
#1642=EDGE_CURVE('',#1933,#1931,#1934,.T.);
#1643=EDGE_CURVE('',#1922,#1933,#1935,.T.);
#1644=EDGE_CURVE('',#1936,#1937,#1938,.T.);
#1645=EDGE_CURVE('',#1936,#1939,#1940,.T.);
#1646=EDGE_CURVE('',#1929,#1939,#1941,.T.);
#1647=EDGE_CURVE('',#1937,#1927,#1942,.T.);
#1648=EDGE_CURVE('',#1943,#1944,#1945,.T.);
#1649=EDGE_CURVE('',#1946,#1943,#1947,.T.);
#1650=EDGE_CURVE('',#1948,#1946,#1949,.T.);
#1651=EDGE_CURVE('',#1948,#1950,#1951,.T.);
#1652=EDGE_CURVE('',#1950,#1944,#1952,.T.);
#1653=EDGE_CURVE('',#1950,#1873,#1953,.T.);
#1654=EDGE_CURVE('',#1954,#1948,#1955,.T.);
#1655=EDGE_CURVE('',#1874,#1954,#1956,.T.);
#1656=EDGE_CURVE('',#1878,#1957,#1958,.T.);
#1657=EDGE_CURVE('',#1959,#1898,#1960,.T.);
#1658=EDGE_CURVE('',#1959,#1957,#1961,.T.);
#1659=EDGE_CURVE('',#1957,#1962,#1963,.T.);
#1660=EDGE_CURVE('',#1964,#1959,#1965,.T.);
#1661=EDGE_CURVE('',#1964,#1966,#1967,.T.);
#1662=EDGE_CURVE('',#1966,#1962,#1968,.T.);
#1663=EDGE_CURVE('',#1966,#1883,#1969,.T.);
#1664=EDGE_CURVE('',#1970,#1964,#1971,.T.);
#1665=EDGE_CURVE('',#1884,#1970,#1972,.T.);
#1666=EDGE_CURVE('',#1888,#1973,#1974,.T.);
#1667=EDGE_CURVE('',#1975,#1894,#1976,.T.);
#1668=EDGE_CURVE('',#1975,#1973,#1977,.T.);
#1669=EDGE_CURVE('',#1973,#1978,#1979,.T.);
#1670=EDGE_CURVE('',#1907,#1975,#1980,.T.);
#1671=EDGE_CURVE('',#1905,#1978,#1981,.T.);
#1672=EDGE_CURVE('',#1978,#1909,#1982,.T.);
#1673=EDGE_CURVE('',#1973,#1975,#1983,.T.);
#1674=EDGE_CURVE('',#1962,#1970,#1984,.T.);
#1675=EDGE_CURVE('',#1957,#1959,#1985,.T.);
#1676=EDGE_CURVE('',#1944,#1954,#1986,.T.);
#1677=EDGE_CURVE('',#1943,#1946,#1987,.T.);
#1678=EDGE_CURVE('',#1939,#1936,#1988,.T.);
#1679=EDGE_CURVE('',#1931,#1937,#1989,.T.);
#1680=EDGE_CURVE('',#1933,#1917,#1990,.T.);
#1681=EDGE_CURVE('',#1924,#1918,#1991,.T.);
#1682=EDGE_CURVE('',#1912,#1914,#1992,.T.);
#1683=EDGE_CURVE('',#1993,#1994,#1995,.T.);
#1684=EDGE_CURVE('',#1993,#1996,#1997,.T.);
#1685=EDGE_CURVE('',#1998,#1996,#1999,.T.);
#1686=EDGE_CURVE('',#2000,#1998,#2001,.T.);
#1687=EDGE_CURVE('',#2000,#1994,#2002,.T.);
#1688=EDGE_CURVE('',#1994,#1993,#2003,.T.);
#1689=EDGE_CURVE('',#2004,#2000,#2005,.T.);
#1690=EDGE_CURVE('',#1996,#2004,#2006,.T.);
#1691=EDGE_CURVE('',#1998,#2007,#2008,.T.);
#1692=EDGE_CURVE('',#2009,#2004,#2010,.T.);
#1693=EDGE_CURVE('',#2007,#2009,#2011,.T.);
#1694=EDGE_CURVE('',#2012,#1993,#2013,.T.);
#1695=EDGE_CURVE('',#2012,#2014,#2015,.T.);
#1696=EDGE_CURVE('',#2014,#2016,#2017,.T.);
#1697=EDGE_CURVE('',#1994,#2016,#2018,.T.);
#1698=EDGE_CURVE('',#2019,#2020,#2021,.T.);
#1699=EDGE_CURVE('',#2019,#2022,#2023,.T.);
#1700=EDGE_CURVE('',#2014,#2022,#2024,.T.);
#1701=EDGE_CURVE('',#2020,#2012,#2025,.T.);
#1702=EDGE_CURVE('',#2026,#2027,#2028,.T.);
#1703=EDGE_CURVE('',#2026,#2029,#2030,.T.);
#1704=EDGE_CURVE('',#2029,#2031,#2032,.T.);
#1705=EDGE_CURVE('',#2033,#2031,#2034,.T.);
#1706=EDGE_CURVE('',#2027,#2033,#2035,.T.);
#1707=EDGE_CURVE('',#2029,#2036,#2037,.T.);
#1708=EDGE_CURVE('',#2038,#2026,#2039,.T.);
#1709=EDGE_CURVE('',#2040,#2038,#2041,.T.);
#1710=EDGE_CURVE('',#2040,#2042,#2043,.T.);
#1711=EDGE_CURVE('',#2042,#2036,#2044,.T.);
#1712=EDGE_CURVE('',#2045,#2042,#2046,.T.);
#1713=EDGE_CURVE('',#2045,#2047,#2048,.T.);
#1714=EDGE_CURVE('',#2049,#2047,#2050,.T.);
#1715=EDGE_CURVE('',#2036,#2049,#2051,.T.);
#1716=EDGE_CURVE('',#2009,#2007,#2052,.T.);
#1717=EDGE_CURVE('',#2047,#2045,#2053,.T.);
#1718=EDGE_CURVE('',#2049,#2040,#2054,.T.);
#1719=EDGE_CURVE('',#2031,#2038,#2055,.T.);
#1720=EDGE_CURVE('',#2033,#2027,#2056,.T.);
#1721=EDGE_CURVE('',#2022,#2019,#2057,.T.);
#1722=EDGE_CURVE('',#2016,#2020,#2058,.T.);
#1723=EDGE_CURVE('',#2059,#2060,#2061,.T.);
#1724=EDGE_CURVE('',#2062,#2059,#2063,.T.);
#1725=EDGE_CURVE('',#2064,#2062,#2065,.T.);
#1726=EDGE_CURVE('',#2064,#2060,#2066,.T.);
#1727=EDGE_CURVE('',#2067,#2068,#2069,.T.);
#1728=EDGE_CURVE('',#2067,#2070,#2071,.T.);
#1729=EDGE_CURVE('',#2072,#2070,#2073,.T.);
#1730=EDGE_CURVE('',#2068,#2072,#2074,.T.);
#1731=EDGE_CURVE('',#2075,#2076,#2077,.T.);
#1732=EDGE_CURVE('',#2078,#2075,#2079,.T.);
#1733=EDGE_CURVE('',#2080,#2078,#2081,.T.);
#1734=EDGE_CURVE('',#2080,#2076,#2082,.T.);
#1735=EDGE_CURVE('',#2083,#2084,#2085,.T.);
#1736=EDGE_CURVE('',#2083,#2086,#2087,.T.);
#1737=EDGE_CURVE('',#2088,#2086,#2089,.T.);
#1738=EDGE_CURVE('',#2084,#2088,#2090,.T.);
#1739=EDGE_CURVE('',#2091,#2092,#2093,.T.);
#1740=EDGE_CURVE('',#2094,#2091,#2095,.T.);
#1741=EDGE_CURVE('',#2096,#2094,#2097,.T.);
#1742=EDGE_CURVE('',#2096,#2092,#2098,.T.);
#1743=EDGE_CURVE('',#2099,#2092,#2100,.T.);
#1744=EDGE_CURVE('',#2099,#2101,#2102,.T.);
#1745=EDGE_CURVE('',#2096,#2101,#2103,.T.);
#1746=EDGE_CURVE('',#2092,#2096,#2104,.T.);
#1747=EDGE_CURVE('',#2105,#2099,#2106,.T.);
#1748=EDGE_CURVE('',#2105,#2107,#2108,.T.);
#1749=EDGE_CURVE('',#2101,#2107,#2109,.T.);
#1750=EDGE_CURVE('',#2101,#2099,#2110,.T.);
#1751=EDGE_CURVE('',#2107,#2105,#2111,.T.);
#1752=EDGE_CURVE('',#2091,#2094,#2112,.T.);
#1753=EDGE_CURVE('',#2086,#2083,#2113,.T.);
#1754=EDGE_CURVE('',#2088,#2084,#2114,.T.);
#1755=EDGE_CURVE('',#2076,#2080,#2115,.T.);
#1756=EDGE_CURVE('',#2075,#2078,#2116,.T.);
#1757=EDGE_CURVE('',#2070,#2067,#2117,.T.);
#1758=EDGE_CURVE('',#2072,#2068,#2118,.T.);
#1759=EDGE_CURVE('',#2060,#2064,#2119,.T.);
#1760=EDGE_CURVE('',#2059,#2062,#2120,.T.);
#1761=EDGE_CURVE('',#2121,#2122,#2123,.T.);
#1762=EDGE_CURVE('',#2124,#2121,#2125,.T.);
#1763=EDGE_CURVE('',#2126,#2124,#2127,.T.);
#1764=EDGE_CURVE('',#2126,#2122,#2128,.T.);
#1765=EDGE_CURVE('',#2129,#2130,#2131,.T.);
#1766=EDGE_CURVE('',#2129,#2132,#2133,.T.);
#1767=EDGE_CURVE('',#2134,#2132,#2135,.T.);
#1768=EDGE_CURVE('',#2130,#2134,#2136,.T.);
#1769=EDGE_CURVE('',#2137,#2138,#2139,.T.);
#1770=EDGE_CURVE('',#2140,#2137,#2141,.T.);
#1771=EDGE_CURVE('',#2142,#2140,#2143,.T.);
#1772=EDGE_CURVE('',#2142,#2138,#2144,.T.);
#1773=EDGE_CURVE('',#2145,#2146,#2147,.T.);
#1774=EDGE_CURVE('',#2145,#2148,#2149,.T.);
#1775=EDGE_CURVE('',#2150,#2148,#2151,.T.);
#1776=EDGE_CURVE('',#2146,#2150,#2152,.T.);
#1777=EDGE_CURVE('',#2153,#2154,#2155,.T.);
#1778=EDGE_CURVE('',#2156,#2153,#2157,.T.);
#1779=EDGE_CURVE('',#2158,#2156,#2159,.T.);
#1780=EDGE_CURVE('',#2158,#2154,#2160,.T.);
#1781=EDGE_CURVE('',#2161,#2154,#2162,.T.);
#1782=EDGE_CURVE('',#2161,#2163,#2164,.T.);
#1783=EDGE_CURVE('',#2158,#2163,#2165,.T.);
#1784=EDGE_CURVE('',#2154,#2158,#2166,.T.);
#1785=EDGE_CURVE('',#2167,#2161,#2168,.T.);
#1786=EDGE_CURVE('',#2167,#2169,#2170,.T.);
#1787=EDGE_CURVE('',#2163,#2169,#2171,.T.);
#1788=EDGE_CURVE('',#2163,#2161,#2172,.T.);
#1789=EDGE_CURVE('',#2169,#2167,#2173,.T.);
#1790=EDGE_CURVE('',#2153,#2156,#2174,.T.);
#1791=EDGE_CURVE('',#2148,#2145,#2175,.T.);
#1792=EDGE_CURVE('',#2150,#2146,#2176,.T.);
#1793=EDGE_CURVE('',#2138,#2142,#2177,.T.);
#1794=EDGE_CURVE('',#2137,#2140,#2178,.T.);
#1795=EDGE_CURVE('',#2132,#2129,#2179,.T.);
#1796=EDGE_CURVE('',#2134,#2130,#2180,.T.);
#1797=EDGE_CURVE('',#2122,#2126,#2181,.T.);
#1798=EDGE_CURVE('',#2121,#2124,#2182,.T.);
#1799=EDGE_CURVE('',#2183,#2184,#2185,.T.);
#1800=EDGE_CURVE('',#2183,#2186,#2187,.T.);
#1801=EDGE_CURVE('',#2188,#2186,#2189,.T.);
#1802=EDGE_CURVE('',#2188,#2184,#2190,.T.);
#1803=EDGE_CURVE('',#2191,#2192,#2193,.T.);
#1804=EDGE_CURVE('',#2191,#2194,#2195,.T.);
#1805=EDGE_CURVE('',#2196,#2194,#2197,.T.);
#1806=EDGE_CURVE('',#2196,#2192,#2198,.T.);
#1807=EDGE_CURVE('',#2199,#2200,#2201,.T.);
#1808=EDGE_CURVE('',#2199,#2202,#2203,.T.);
#1809=EDGE_CURVE('',#2204,#2202,#2205,.T.);
#1810=EDGE_CURVE('',#2204,#2200,#2206,.T.);
#1811=EDGE_CURVE('',#2207,#2208,#2209,.T.);
#1812=EDGE_CURVE('',#2207,#2210,#2211,.T.);
#1813=EDGE_CURVE('',#2212,#2210,#2213,.T.);
#1814=EDGE_CURVE('',#2212,#2208,#2214,.T.);
#1815=EDGE_CURVE('',#2215,#2216,#2217,.T.);
#1816=EDGE_CURVE('',#2215,#2218,#2219,.T.);
#1817=EDGE_CURVE('',#2220,#2218,#2221,.T.);
#1818=EDGE_CURVE('',#2220,#2216,#2222,.T.);
#1819=EDGE_CURVE('',#2223,#2224,#2225,.T.);
#1820=EDGE_CURVE('',#2223,#2226,#2227,.T.);
#1821=EDGE_CURVE('',#2228,#2226,#2229,.T.);
#1822=EDGE_CURVE('',#2228,#2224,#2230,.T.);
#1823=EDGE_CURVE('',#2231,#2232,#2233,.T.);
#1824=EDGE_CURVE('',#2231,#2234,#2235,.T.);
#1825=EDGE_CURVE('',#2236,#2234,#2237,.T.);
#1826=EDGE_CURVE('',#2236,#2232,#2238,.T.);
#1827=EDGE_CURVE('',#2239,#2240,#2241,.T.);
#1828=EDGE_CURVE('',#2239,#2242,#2243,.T.);
#1829=EDGE_CURVE('',#2244,#2242,#2245,.T.);
#1830=EDGE_CURVE('',#2244,#2240,#2246,.T.);
#1831=EDGE_CURVE('',#2247,#2248,#2249,.T.);
#1832=EDGE_CURVE('',#2248,#2247,#2250,.T.);
#1833=EDGE_CURVE('',#2251,#2252,#2253,.T.);
#1834=EDGE_CURVE('',#2252,#2251,#2254,.T.);
#1835=EDGE_CURVE('',#2255,#2256,#2257,.T.);
#1836=EDGE_CURVE('',#2256,#2255,#2258,.T.);
#1837=EDGE_CURVE('',#2259,#2260,#2261,.T.);
#1838=EDGE_CURVE('',#2260,#2259,#2262,.T.);
#1839=EDGE_CURVE('',#2263,#2264,#2265,.T.);
#1840=EDGE_CURVE('',#2264,#2263,#2266,.T.);
#1841=EDGE_CURVE('',#2267,#2268,#2269,.T.);
#1842=EDGE_CURVE('',#2268,#2267,#2270,.T.);
#1843=EDGE_CURVE('',#2271,#2272,#2273,.T.);
#1844=EDGE_CURVE('',#2272,#2271,#2274,.T.);
#1845=EDGE_CURVE('',#2275,#2276,#2277,.T.);
#1846=EDGE_CURVE('',#2276,#2275,#2278,.T.);
#1847=EDGE_CURVE('',#2224,#2228,#2279,.T.);
#1848=EDGE_CURVE('',#2234,#2231,#2280,.T.);
#1849=EDGE_CURVE('',#2216,#2220,#2281,.T.);
#1850=EDGE_CURVE('',#2226,#2223,#2282,.T.);
#1851=EDGE_CURVE('',#2208,#2212,#2283,.T.);
#1852=EDGE_CURVE('',#2218,#2215,#2284,.T.);
#1853=EDGE_CURVE('',#2200,#2204,#2285,.T.);
#1854=EDGE_CURVE('',#2210,#2207,#2286,.T.);
#1855=EDGE_CURVE('',#2192,#2196,#2287,.T.);
#1856=EDGE_CURVE('',#2202,#2199,#2288,.T.);
#1857=EDGE_CURVE('',#2240,#2244,#2289,.T.);
#1858=EDGE_CURVE('',#2194,#2191,#2290,.T.);
#1859=EDGE_CURVE('',#2184,#2188,#2291,.T.);
#1860=EDGE_CURVE('',#2242,#2239,#2292,.T.);
#1861=EDGE_CURVE('',#2232,#2236,#2293,.T.);
#1862=EDGE_CURVE('',#2186,#2183,#2294,.T.);
#1863=VERTEX_POINT('',#2295);
#1864=VERTEX_POINT('',#2296);
#1865=CIRCLE('',#2297,10.88);
#1866=VERTEX_POINT('',#2298);
#1867=CIRCLE('',#2299,0.28);
#1868=VERTEX_POINT('',#2300);
#1869=CIRCLE('',#2301,10.6);
#1870=VERTEX_POINT('',#2302);
#1871=CIRCLE('',#2303,10.6);
#1872=CIRCLE('',#2304,0.28);
#1873=VERTEX_POINT('',#2305);
#1874=VERTEX_POINT('',#2306);
#1875=CIRCLE('',#2307,10.88);
#1876=VERTEX_POINT('',#2308);
#1877=CIRCLE('',#2309,0.28);
#1878=VERTEX_POINT('',#2310);
#1879=CIRCLE('',#2311,10.6486214897467);
#1880=VERTEX_POINT('',#2312);
#1881=CIRCLE('',#2313,10.6486214897467);
#1882=CIRCLE('',#2314,0.28);
#1883=VERTEX_POINT('',#2315);
#1884=VERTEX_POINT('',#2316);
#1885=CIRCLE('',#2317,10.4845);
#1886=VERTEX_POINT('',#2318);
#1887=CIRCLE('',#2319,1.9845);
#1888=VERTEX_POINT('',#2320);
#1889=CIRCLE('',#2321,9.9);
#1890=VERTEX_POINT('',#2322);
#1891=CIRCLE('',#2323,9.9);
#1892=CIRCLE('',#2324,1.9845);
#1893=CIRCLE('',#2325,10.4845);
#1894=VERTEX_POINT('',#2326);
#1895=CIRCLE('',#2327,9.9);
#1896=CIRCLE('',#2328,9.9);
#1897=CIRCLE('',#2329,10.88);
#1898=VERTEX_POINT('',#2330);
#1899=CIRCLE('',#2331,10.6486214897467);
#1900=CIRCLE('',#2332,10.6486214897467);
#1901=CIRCLE('',#2333,10.88);
#1902=VERTEX_POINT('',#2334);
#1903=CIRCLE('',#2335,10.6);
#1904=CIRCLE('',#2336,10.6);
#1905=VERTEX_POINT('',#2337);
#1906=CIRCLE('',#2338,0.28);
#1907=VERTEX_POINT('',#2339);
#1908=CIRCLE('',#2340,10.6486214897467);
#1909=VERTEX_POINT('',#2341);
#1910=CIRCLE('',#2342,10.6486214897467);
#1911=CIRCLE('',#2343,0.28);
#1912=VERTEX_POINT('',#2344);
#1913=LINE('',#2345,#2346);
#1914=VERTEX_POINT('',#2347);
#1915=LINE('',#2348,#2349);
#1916=CIRCLE('',#2350,10.6);
#1917=VERTEX_POINT('',#2351);
#1918=VERTEX_POINT('',#2352);
#1919=CIRCLE('',#2353,0.3);
#1920=VERTEX_POINT('',#2354);
#1921=CIRCLE('',#2355,12.0);
#1922=VERTEX_POINT('',#2356);
#1923=CIRCLE('',#2357,12.0);
#1924=VERTEX_POINT('',#2358);
#1925=CIRCLE('',#2359,0.3);
#1926=CIRCLE('',#2360,11.7);
#1927=VERTEX_POINT('',#2361);
#1928=LINE('',#2362,#2363);
#1929=VERTEX_POINT('',#2364);
#1930=CIRCLE('',#2365,12.0);
#1931=VERTEX_POINT('',#2366);
#1932=CIRCLE('',#2367,12.0);
#1933=VERTEX_POINT('',#2368);
#1934=LINE('',#2369,#2370);
#1935=CIRCLE('',#2371,12.0);
#1936=VERTEX_POINT('',#2372);
#1937=VERTEX_POINT('',#2373);
#1938=CIRCLE('',#2374,0.3);
#1939=VERTEX_POINT('',#2375);
#1940=CIRCLE('',#2376,11.7);
#1941=CIRCLE('',#2377,0.3);
#1942=CIRCLE('',#2378,12.0);
#1943=VERTEX_POINT('',#2379);
#1944=VERTEX_POINT('',#2380);
#1945=LINE('',#2381,#2382);
#1946=VERTEX_POINT('',#2383);
#1947=CIRCLE('',#2384,10.6);
#1948=VERTEX_POINT('',#2385);
#1949=LINE('',#2386,#2387);
#1950=VERTEX_POINT('',#2388);
#1951=CIRCLE('',#2389,10.6);
#1952=CIRCLE('',#2390,10.6);
#1953=CIRCLE('',#2391,0.28);
#1954=VERTEX_POINT('',#2392);
#1955=CIRCLE('',#2393,10.6);
#1956=CIRCLE('',#2394,0.28);
#1957=VERTEX_POINT('',#2395);
#1958=LINE('',#2396,#2397);
#1959=VERTEX_POINT('',#2398);
#1960=LINE('',#2399,#2400);
#1961=CIRCLE('',#2401,9.9);
#1962=VERTEX_POINT('',#2402);
#1963=LINE('',#2403,#2404);
#1964=VERTEX_POINT('',#2405);
#1965=LINE('',#2406,#2407);
#1966=VERTEX_POINT('',#2408);
#1967=CIRCLE('',#2409,9.9);
#1968=CIRCLE('',#2410,9.9);
#1969=CIRCLE('',#2411,1.9845);
#1970=VERTEX_POINT('',#2412);
#1971=CIRCLE('',#2413,9.9);
#1972=CIRCLE('',#2414,1.9845);
#1973=VERTEX_POINT('',#2415);
#1974=LINE('',#2416,#2417);
#1975=VERTEX_POINT('',#2418);
#1976=LINE('',#2419,#2420);
#1977=CIRCLE('',#2421,9.9);
#1978=VERTEX_POINT('',#2422);
#1979=LINE('',#2423,#2424);
#1980=LINE('',#2425,#2426);
#1981=CIRCLE('',#2427,10.6486214897467);
#1982=CIRCLE('',#2428,10.6486214897467);
#1983=CIRCLE('',#2429,9.9);
#1984=CIRCLE('',#2430,9.9);
#1985=CIRCLE('',#2431,9.9);
#1986=CIRCLE('',#2432,10.6);
#1987=CIRCLE('',#2433,10.6);
#1988=CIRCLE('',#2434,11.7);
#1989=CIRCLE('',#2435,12.0);
#1990=CIRCLE('',#2436,12.0);
#1991=CIRCLE('',#2437,11.7);
#1992=CIRCLE('',#2438,10.6);
#1993=VERTEX_POINT('',#2439);
#1994=VERTEX_POINT('',#2440);
#1995=CIRCLE('',#2441,6.5155);
#1996=VERTEX_POINT('',#2442);
#1997=CIRCLE('',#2443,1.9845);
#1998=VERTEX_POINT('',#2444);
#1999=CIRCLE('',#2445,7.225);
#2000=VERTEX_POINT('',#2446);
#2001=CIRCLE('',#2447,7.225);
#2002=CIRCLE('',#2448,1.9845);
#2003=CIRCLE('',#2449,6.5155);
#2004=VERTEX_POINT('',#2450);
#2005=CIRCLE('',#2451,7.225);
#2006=CIRCLE('',#2452,7.225);
#2007=VERTEX_POINT('',#2453);
#2008=LINE('',#2454,#2455);
#2009=VERTEX_POINT('',#2456);
#2010=LINE('',#2457,#2458);
#2011=CIRCLE('',#2459,7.225);
#2012=VERTEX_POINT('',#2460);
#2013=CIRCLE('',#2461,1.9845);
#2014=VERTEX_POINT('',#2462);
#2015=CIRCLE('',#2463,7.225);
#2016=VERTEX_POINT('',#2464);
#2017=CIRCLE('',#2465,7.225);
#2018=CIRCLE('',#2466,1.9845);
#2019=VERTEX_POINT('',#2467);
#2020=VERTEX_POINT('',#2468);
#2021=LINE('',#2469,#2470);
#2022=VERTEX_POINT('',#2471);
#2023=CIRCLE('',#2472,7.225);
#2024=LINE('',#2473,#2474);
#2025=CIRCLE('',#2475,7.225);
#2026=VERTEX_POINT('',#2476);
#2027=VERTEX_POINT('',#2477);
#2028=CIRCLE('',#2478,0.3);
#2029=VERTEX_POINT('',#2479);
#2030=CIRCLE('',#2480,4.0);
#2031=VERTEX_POINT('',#2481);
#2032=CIRCLE('',#2482,4.0);
#2033=VERTEX_POINT('',#2483);
#2034=CIRCLE('',#2484,0.3);
#2035=CIRCLE('',#2485,4.3);
#2036=VERTEX_POINT('',#2486);
#2037=LINE('',#2487,#2488);
#2038=VERTEX_POINT('',#2489);
#2039=CIRCLE('',#2490,4.0);
#2040=VERTEX_POINT('',#2491);
#2041=LINE('',#2492,#2493);
#2042=VERTEX_POINT('',#2494);
#2043=CIRCLE('',#2495,4.0);
#2044=CIRCLE('',#2496,4.0);
#2045=VERTEX_POINT('',#2497);
#2046=CIRCLE('',#2498,0.3);
#2047=VERTEX_POINT('',#2499);
#2048=CIRCLE('',#2500,4.3);
#2049=VERTEX_POINT('',#2501);
#2050=CIRCLE('',#2502,0.3);
#2051=CIRCLE('',#2503,4.0);
#2052=CIRCLE('',#2504,7.225);
#2053=CIRCLE('',#2505,4.3);
#2054=CIRCLE('',#2506,4.0);
#2055=CIRCLE('',#2507,4.0);
#2056=CIRCLE('',#2508,4.3);
#2057=CIRCLE('',#2509,7.225);
#2058=CIRCLE('',#2510,7.225);
#2059=VERTEX_POINT('',#2511);
#2060=VERTEX_POINT('',#2512);
#2061=LINE('',#2513,#2514);
#2062=VERTEX_POINT('',#2515);
#2063=CIRCLE('',#2516,9.686);
#2064=VERTEX_POINT('',#2517);
#2065=LINE('',#2518,#2519);
#2066=CIRCLE('',#2520,9.266);
#2067=VERTEX_POINT('',#2521);
#2068=VERTEX_POINT('',#2522);
#2069=LINE('',#2523,#2524);
#2070=VERTEX_POINT('',#2525);
#2071=CIRCLE('',#2526,7.56875);
#2072=VERTEX_POINT('',#2527);
#2073=LINE('',#2528,#2529);
#2074=CIRCLE('',#2530,7.56875);
#2075=VERTEX_POINT('',#2531);
#2076=VERTEX_POINT('',#2532);
#2077=LINE('',#2533,#2534);
#2078=VERTEX_POINT('',#2535);
#2079=CIRCLE('',#2536,7.35875);
#2080=VERTEX_POINT('',#2537);
#2081=LINE('',#2538,#2539);
#2082=CIRCLE('',#2540,7.35875);
#2083=VERTEX_POINT('',#2541);
#2084=VERTEX_POINT('',#2542);
#2085=LINE('',#2543,#2544);
#2086=VERTEX_POINT('',#2545);
#2087=CIRCLE('',#2546,9.77298484809835);
#2088=VERTEX_POINT('',#2547);
#2089=LINE('',#2548,#2549);
#2090=CIRCLE('',#2550,9.35298484809836);
#2091=VERTEX_POINT('',#2551);
#2092=VERTEX_POINT('',#2552);
#2093=LINE('',#2553,#2554);
#2094=VERTEX_POINT('',#2555);
#2095=CIRCLE('',#2556,9.88162738065956);
#2096=VERTEX_POINT('',#2557);
#2097=LINE('',#2558,#2559);
#2098=CIRCLE('',#2560,10.88);
#2099=VERTEX_POINT('',#2561);
#2100=LINE('',#2562,#2563);
#2101=VERTEX_POINT('',#2564);
#2102=CIRCLE('',#2565,10.88);
#2103=LINE('',#2566,#2567);
#2104=CIRCLE('',#2568,10.88);
#2105=VERTEX_POINT('',#2569);
#2106=LINE('',#2570,#2571);
#2107=VERTEX_POINT('',#2572);
#2108=CIRCLE('',#2573,9.9);
#2109=LINE('',#2574,#2575);
#2110=CIRCLE('',#2576,10.88);
#2111=CIRCLE('',#2577,9.9);
#2112=CIRCLE('',#2578,9.88162738065956);
#2113=CIRCLE('',#2579,9.77298484809835);
#2114=CIRCLE('',#2580,9.35298484809836);
#2115=CIRCLE('',#2581,7.35875);
#2116=CIRCLE('',#2582,7.35875);
#2117=CIRCLE('',#2583,7.56875);
#2118=CIRCLE('',#2584,7.56875);
#2119=CIRCLE('',#2585,9.266);
#2120=CIRCLE('',#2586,9.686);
#2121=VERTEX_POINT('',#2587);
#2122=VERTEX_POINT('',#2588);
#2123=LINE('',#2589,#2590);
#2124=VERTEX_POINT('',#2591);
#2125=CIRCLE('',#2592,9.686);
#2126=VERTEX_POINT('',#2593);
#2127=LINE('',#2594,#2595);
#2128=CIRCLE('',#2596,9.266);
#2129=VERTEX_POINT('',#2597);
#2130=VERTEX_POINT('',#2598);
#2131=LINE('',#2599,#2600);
#2132=VERTEX_POINT('',#2601);
#2133=CIRCLE('',#2602,7.56875);
#2134=VERTEX_POINT('',#2603);
#2135=LINE('',#2604,#2605);
#2136=CIRCLE('',#2606,7.56875);
#2137=VERTEX_POINT('',#2607);
#2138=VERTEX_POINT('',#2608);
#2139=LINE('',#2609,#2610);
#2140=VERTEX_POINT('',#2611);
#2141=CIRCLE('',#2612,7.35875);
#2142=VERTEX_POINT('',#2613);
#2143=LINE('',#2614,#2615);
#2144=CIRCLE('',#2616,7.35875);
#2145=VERTEX_POINT('',#2617);
#2146=VERTEX_POINT('',#2618);
#2147=LINE('',#2619,#2620);
#2148=VERTEX_POINT('',#2621);
#2149=CIRCLE('',#2622,9.77298484809835);
#2150=VERTEX_POINT('',#2623);
#2151=LINE('',#2624,#2625);
#2152=CIRCLE('',#2626,9.35298484809836);
#2153=VERTEX_POINT('',#2627);
#2154=VERTEX_POINT('',#2628);
#2155=LINE('',#2629,#2630);
#2156=VERTEX_POINT('',#2631);
#2157=CIRCLE('',#2632,9.88162738065956);
#2158=VERTEX_POINT('',#2633);
#2159=LINE('',#2634,#2635);
#2160=CIRCLE('',#2636,10.88);
#2161=VERTEX_POINT('',#2637);
#2162=LINE('',#2638,#2639);
#2163=VERTEX_POINT('',#2640);
#2164=CIRCLE('',#2641,10.88);
#2165=LINE('',#2642,#2643);
#2166=CIRCLE('',#2644,10.88);
#2167=VERTEX_POINT('',#2645);
#2168=LINE('',#2646,#2647);
#2169=VERTEX_POINT('',#2648);
#2170=CIRCLE('',#2649,9.9);
#2171=LINE('',#2650,#2651);
#2172=CIRCLE('',#2652,10.88);
#2173=CIRCLE('',#2653,9.9);
#2174=CIRCLE('',#2654,9.88162738065956);
#2175=CIRCLE('',#2655,9.77298484809835);
#2176=CIRCLE('',#2656,9.35298484809836);
#2177=CIRCLE('',#2657,7.35875);
#2178=CIRCLE('',#2658,7.35875);
#2179=CIRCLE('',#2659,7.56875);
#2180=CIRCLE('',#2660,7.56875);
#2181=CIRCLE('',#2661,9.266);
#2182=CIRCLE('',#2662,9.686);
#2183=VERTEX_POINT('',#2663);
#2184=VERTEX_POINT('',#2664);
#2185=CIRCLE('',#2665,8.51);
#2186=VERTEX_POINT('',#2666);
#2187=B_SPLINE_CURVE_WITH_KNOTS('',3,(#2667,#2668,#2669,#2670,#2671,#2672,#2673,#2674,#2675,#2676,#2677,#2678,#2679,#2680,#2681,#2682,#2683,#2684),.UNSPECIFIED.,.F.,.F.,(4,2,2,2,2,2,2,2,4),(0.0,0.00369430309179625,0.00740156774380046,0.0111245607316718,0.0148606164500885,0.0185966866838601,0.0223197132043532,0.0260269947532408,0.0297212844851961),.UNSPECIFIED.);
#2188=VERTEX_POINT('',#2685);
#2189=CIRCLE('',#2686,8.49);
#2190=B_SPLINE_CURVE_WITH_KNOTS('',3,(#2687,#2688,#2689,#2690,#2691,#2692,#2693,#2694,#2695,#2696,#2697,#2698,#2699,#2700,#2701,#2702,#2703,#2704),.UNSPECIFIED.,.F.,.F.,(4,2,2,2,2,2,2,2,4),(0.0297212855771408,0.0334155753090971,0.0371228568579826,0.0408458833784766,0.0445819536122479,0.0483180093306651,0.0520410023185349,0.0557482669705408,0.0594425700623364),.UNSPECIFIED.);
#2191=VERTEX_POINT('',#2705);
#2192=VERTEX_POINT('',#2706);
#2193=CIRCLE('',#2707,8.51);
#2194=VERTEX_POINT('',#2708);
#2195=B_SPLINE_CURVE_WITH_KNOTS('',3,(#2709,#2710,#2711,#2712,#2713,#2714,#2715,#2716,#2717,#2718,#2719,#2720,#2721,#2722,#2723,#2724,#2725,#2726),.UNSPECIFIED.,.F.,.F.,(4,2,2,2,2,2,2,2,4),(0.0,0.00369430309179625,0.00740156774380046,0.0111245607316715,0.0148606164500883,0.0185966866838599,0.0223197132043528,0.0260269947532404,0.0297212844851961),.UNSPECIFIED.);
#2196=VERTEX_POINT('',#2727);
#2197=CIRCLE('',#2728,8.49);
#2198=B_SPLINE_CURVE_WITH_KNOTS('',3,(#2729,#2730,#2731,#2732,#2733,#2734,#2735,#2736,#2737,#2738,#2739,#2740,#2741,#2742,#2743,#2744,#2745,#2746),.UNSPECIFIED.,.F.,.F.,(4,2,2,2,2,2,2,2,4),(0.0297212844851967,0.0334155742171535,0.037122855766039,0.0408458822865327,0.0445819525203041,0.0483180082387212,0.0520410012265913,0.0557482658785972,0.0594425689703924),.UNSPECIFIED.);
#2199=VERTEX_POINT('',#2747);
#2200=VERTEX_POINT('',#2748);
#2201=CIRCLE('',#2749,8.51);
#2202=VERTEX_POINT('',#2750);
#2203=B_SPLINE_CURVE_WITH_KNOTS('',3,(#2751,#2752,#2753,#2754,#2755,#2756,#2757,#2758,#2759,#2760,#2761,#2762,#2763,#2764,#2765,#2766,#2767,#2768),.UNSPECIFIED.,.F.,.F.,(4,2,2,2,2,2,2,2,4),(0.0,0.00369430309179519,0.00740156774380112,0.0111245607316712,0.0148606164500883,0.0185966866838597,0.0223197132043535,0.0260269947532389,0.0297212844851957),.UNSPECIFIED.);
#2204=VERTEX_POINT('',#2769);
#2205=CIRCLE('',#2770,8.49);
#2206=B_SPLINE_CURVE_WITH_KNOTS('',3,(#2771,#2772,#2773,#2774,#2775,#2776,#2777,#2778,#2779,#2780,#2781,#2782,#2783,#2784,#2785,#2786,#2787,#2788),.UNSPECIFIED.,.F.,.F.,(4,2,2,2,2,2,2,2,4),(0.0297212866649333,0.0334155763968891,0.0371228579457767,0.0408458844662695,0.0445819547000411,0.0483180104184579,0.052041003406329,0.0557482680583332,0.0594425711501295),.UNSPECIFIED.);
#2207=VERTEX_POINT('',#2789);
#2208=VERTEX_POINT('',#2790);
#2209=CIRCLE('',#2791,8.51);
#2210=VERTEX_POINT('',#2792);
#2211=B_SPLINE_CURVE_WITH_KNOTS('',3,(#2793,#2794,#2795,#2796,#2797,#2798,#2799,#2800,#2801,#2802,#2803,#2804,#2805,#2806,#2807,#2808,#2809,#2810),.UNSPECIFIED.,.F.,.F.,(4,2,2,2,2,2,2,2,4),(0.0,0.00369430309179625,0.00740156774380046,0.0111245607316715,0.0148606164500883,0.0185966866838599,0.0223197132043528,0.0260269947532403,0.0297212844851961),.UNSPECIFIED.);
#2212=VERTEX_POINT('',#2811);
#2213=CIRCLE('',#2812,8.49);
#2214=B_SPLINE_CURVE_WITH_KNOTS('',3,(#2813,#2814,#2815,#2816,#2817,#2818,#2819,#2820,#2821,#2822,#2823,#2824,#2825,#2826,#2827,#2828,#2829,#2830),.UNSPECIFIED.,.F.,.F.,(4,2,2,2,2,2,2,2,4),(0.0297212844851958,0.0334155742171508,0.0371228557660389,0.0408458822865307,0.0445819525203019,0.0483180082387199,0.052041001226591,0.0557482658785971,0.0594425689703908),.UNSPECIFIED.);
#2215=VERTEX_POINT('',#2831);
#2216=VERTEX_POINT('',#2832);
#2217=CIRCLE('',#2833,8.51);
#2218=VERTEX_POINT('',#2834);
#2219=B_SPLINE_CURVE_WITH_KNOTS('',3,(#2835,#2836,#2837,#2838,#2839,#2840,#2841,#2842,#2843,#2844,#2845,#2846,#2847,#2848,#2849,#2850,#2851,#2852),.UNSPECIFIED.,.F.,.F.,(4,2,2,2,2,2,2,2,4),(0.0,0.00369430309179343,0.0074015677438003,0.0111245607316703,0.0148606164500883,0.0185966866838594,0.0223197132043513,0.0260269947532394,0.0297212844851945),.UNSPECIFIED.);
#2220=VERTEX_POINT('',#2853);
#2221=CIRCLE('',#2854,8.49);
#2222=B_SPLINE_CURVE_WITH_KNOTS('',3,(#2855,#2856,#2857,#2858,#2859,#2860,#2861,#2862,#2863,#2864,#2865,#2866,#2867,#2868,#2869,#2870,#2871,#2872),.UNSPECIFIED.,.F.,.F.,(4,2,2,2,2,2,2,2,4),(0.0297212844851972,0.0334155742171525,0.0371228557660401,0.040845882286533,0.0445819525203046,0.0483180082387214,0.0520410012265924,0.055748265878597,0.0594425689703933),.UNSPECIFIED.);
#2223=VERTEX_POINT('',#2873);
#2224=VERTEX_POINT('',#2874);
#2225=CIRCLE('',#2875,8.51);
#2226=VERTEX_POINT('',#2876);
#2227=B_SPLINE_CURVE_WITH_KNOTS('',3,(#2877,#2878,#2879,#2880,#2881,#2882,#2883,#2884,#2885,#2886,#2887,#2888,#2889,#2890,#2891,#2892,#2893,#2894),.UNSPECIFIED.,.F.,.F.,(4,2,2,2,2,2,2,2,4),(0.0,0.00369430309179625,0.00740156774380082,0.0111245607316719,0.0148606164500887,0.0185966866838603,0.0223197132043531,0.0260269947532407,0.029721284485196),.UNSPECIFIED.);
#2228=VERTEX_POINT('',#2895);
#2229=CIRCLE('',#2896,8.49);
#2230=B_SPLINE_CURVE_WITH_KNOTS('',3,(#2897,#2898,#2899,#2900,#2901,#2902,#2903,#2904,#2905,#2906,#2907,#2908,#2909,#2910,#2911,#2912,#2913,#2914),.UNSPECIFIED.,.F.,.F.,(4,2,2,2,2,2,2,2,4),(0.0297212844851955,0.0334155742171516,0.0371228557660379,0.0408458822865296,0.0445819525203038,0.0483180082387208,0.052041001226592,0.0557482658785963,0.0594425689703924),.UNSPECIFIED.);
#2231=VERTEX_POINT('',#2915);
#2232=VERTEX_POINT('',#2916);
#2233=CIRCLE('',#2917,8.51);
#2234=VERTEX_POINT('',#2918);
#2235=B_SPLINE_CURVE_WITH_KNOTS('',3,(#2919,#2920,#2921,#2922,#2923,#2924,#2925,#2926,#2927,#2928,#2929,#2930,#2931,#2932,#2933,#2934,#2935,#2936),.UNSPECIFIED.,.F.,.F.,(4,2,2,2,2,2,2,2,4),(0.0,0.00369430309179606,0.00740156774380035,0.0111245607316715,0.0148606164500886,0.0185966866838627,0.0223197132043545,0.0260269947532407,0.0297212844851968),.UNSPECIFIED.);
#2236=VERTEX_POINT('',#2937);
#2237=CIRCLE('',#2938,8.49);
#2238=B_SPLINE_CURVE_WITH_KNOTS('',3,(#2939,#2940,#2941,#2942,#2943,#2944,#2945,#2946,#2947,#2948,#2949,#2950,#2951,#2952,#2953,#2954,#2955,#2956),.UNSPECIFIED.,.F.,.F.,(4,2,2,2,2,2,2,2,4),(0.0297212844851962,0.0334155742171516,0.0371228557660392,0.0408458822865322,0.0445819525203038,0.0483180082387205,0.0520410012265918,0.055748265878596,0.0594425689703923),.UNSPECIFIED.);
#2239=VERTEX_POINT('',#2957);
#2240=VERTEX_POINT('',#2958);
#2241=CIRCLE('',#2959,8.51);
#2242=VERTEX_POINT('',#2960);
#2243=B_SPLINE_CURVE_WITH_KNOTS('',3,(#2961,#2962,#2963,#2964,#2965,#2966,#2967,#2968,#2969,#2970,#2971,#2972,#2973,#2974,#2975,#2976,#2977,#2978),.UNSPECIFIED.,.F.,.F.,(4,2,2,2,2,2,2,2,4),(0.0,0.00369430309179561,0.00740156774380154,0.0111245607316714,0.0148606164500885,0.0185966866838599,0.0223197132043539,0.0260269947532394,0.0297212844851957),.UNSPECIFIED.);
#2244=VERTEX_POINT('',#2979);
#2245=CIRCLE('',#2980,8.49);
#2246=B_SPLINE_CURVE_WITH_KNOTS('',3,(#2981,#2982,#2983,#2984,#2985,#2986,#2987,#2988,#2989,#2990,#2991,#2992,#2993,#2994,#2995,#2996,#2997,#2998),.UNSPECIFIED.,.F.,.F.,(4,2,2,2,2,2,2,2,4),(0.0297212844851956,0.0334155742171514,0.037122855766039,0.0408458822865318,0.0445819525203034,0.0483180082387202,0.0520410012265913,0.0557482658785955,0.0594425689703917),.UNSPECIFIED.);
#2247=VERTEX_POINT('',#2999);
#2248=VERTEX_POINT('',#3000);
#2249=CIRCLE('',#3001,1.9845);
#2250=CIRCLE('',#3002,1.9845);
#2251=VERTEX_POINT('',#3003);
#2252=VERTEX_POINT('',#3004);
#2253=CIRCLE('',#3005,1.9845);
#2254=CIRCLE('',#3006,1.9845);
#2255=VERTEX_POINT('',#3007);
#2256=VERTEX_POINT('',#3008);
#2257=CIRCLE('',#3009,1.9845);
#2258=CIRCLE('',#3010,1.9845);
#2259=VERTEX_POINT('',#3011);
#2260=VERTEX_POINT('',#3012);
#2261=CIRCLE('',#3013,1.9845);
#2262=CIRCLE('',#3014,1.9845);
#2263=VERTEX_POINT('',#3015);
#2264=VERTEX_POINT('',#3016);
#2265=CIRCLE('',#3017,1.9845);
#2266=CIRCLE('',#3018,1.9845);
#2267=VERTEX_POINT('',#3019);
#2268=VERTEX_POINT('',#3020);
#2269=CIRCLE('',#3021,1.9845);
#2270=CIRCLE('',#3022,1.9845);
#2271=VERTEX_POINT('',#3023);
#2272=VERTEX_POINT('',#3024);
#2273=CIRCLE('',#3025,1.9845);
#2274=CIRCLE('',#3026,1.9845);
#2275=VERTEX_POINT('',#3027);
#2276=VERTEX_POINT('',#3028);
#2277=CIRCLE('',#3029,1.9845);
#2278=CIRCLE('',#3030,1.9845);
#2279=B_SPLINE_CURVE_WITH_KNOTS('',3,(#3031,#3032,#3033,#3034,#3035,#3036,#3037,#3038,#3039,#3040,#3041,#3042,#3043,#3044,#3045,#3046,#3047,#3048),.UNSPECIFIED.,.F.,.F.,(4,2,2,2,2,2,2,2,4),(0.0,0.00369430309179522,0.00740156774379987,0.0111245607316715,0.0148606164500886,0.0185966866838628,0.0223197132043542,0.0260269947532396,0.0297212844851955),.UNSPECIFIED.);
#2280=B_SPLINE_CURVE_WITH_KNOTS('',3,(#3049,#3050,#3051,#3052,#3053,#3054,#3055,#3056,#3057,#3058,#3059,#3060,#3061,#3062,#3063,#3064,#3065,#3066),.UNSPECIFIED.,.F.,.F.,(4,2,2,2,2,2,2,2,4),(0.0297212844851968,0.0334155742171527,0.0371228557660381,0.0408458822865296,0.0445819525203038,0.0483180082387208,0.0520410012265925,0.0557482658785971,0.0594425689703924),.UNSPECIFIED.);
#2281=B_SPLINE_CURVE_WITH_KNOTS('',3,(#3067,#3068,#3069,#3070,#3071,#3072,#3073,#3074,#3075,#3076,#3077,#3078,#3079,#3080,#3081,#3082,#3083,#3084),.UNSPECIFIED.,.F.,.F.,(4,2,2,2,2,2,2,2,4),(0.0,0.00369430309179667,0.00740156774380087,0.0111245607316719,0.0148606164500886,0.0185966866838611,0.022319713204353,0.0260269947532406,0.0297212844851972),.UNSPECIFIED.);
#2282=B_SPLINE_CURVE_WITH_KNOTS('',3,(#3085,#3086,#3087,#3088,#3089,#3090,#3091,#3092,#3093,#3094,#3095,#3096,#3097,#3098,#3099,#3100,#3101,#3102),.UNSPECIFIED.,.F.,.F.,(4,2,2,2,2,2,2,2,4),(0.029721284485196,0.0334155742171526,0.0371228557660402,0.0408458822865321,0.0445819525203046,0.0483180082387213,0.0520410012265924,0.0557482658785966,0.0594425689703933),.UNSPECIFIED.);
#2283=B_SPLINE_CURVE_WITH_KNOTS('',3,(#3103,#3104,#3105,#3106,#3107,#3108,#3109,#3110,#3111,#3112,#3113,#3114,#3115,#3116,#3117,#3118,#3119,#3120),.UNSPECIFIED.,.F.,.F.,(4,2,2,2,2,2,2,2,4),(0.0,0.00369430309179324,0.00740156774379943,0.0111245607316709,0.014860616450089,0.0185966866838601,0.0223197132043521,0.0260269947532399,0.0297212844851958),.UNSPECIFIED.);
#2284=B_SPLINE_CURVE_WITH_KNOTS('',3,(#3121,#3122,#3123,#3124,#3125,#3126,#3127,#3128,#3129,#3130,#3131,#3132,#3133,#3134,#3135,#3136,#3137,#3138),.UNSPECIFIED.,.F.,.F.,(4,2,2,2,2,2,2,2,4),(0.0297212844851945,0.0334155742171503,0.0371228557660381,0.0408458822865303,0.0445819525203012,0.0483180082387193,0.0520410012265898,0.0557482658785966,0.0594425689703897),.UNSPECIFIED.);
#2285=B_SPLINE_CURVE_WITH_KNOTS('',3,(#3139,#3140,#3141,#3142,#3143,#3144,#3145,#3146,#3147,#3148,#3149,#3150,#3151,#3152,#3153,#3154,#3155,#3156),.UNSPECIFIED.,.F.,.F.,(4,2,2,2,2,2,2,2,4),(0.0,0.00370071427519481,0.00741444860864859,0.0111310310199511,0.0148606175378819,0.018590210862545,0.0223068191770686,0.0260205781680617,0.0297212866649333),.UNSPECIFIED.);
#2286=B_SPLINE_CURVE_WITH_KNOTS('',3,(#3157,#3158,#3159,#3160,#3161,#3162,#3163,#3164,#3165,#3166,#3167,#3168,#3169,#3170,#3171,#3172,#3173,#3174),.UNSPECIFIED.,.F.,.F.,(4,2,2,2,2,2,2,2,4),(0.0297212844851961,0.0334219929820678,0.0371357519730608,0.0408523602875844,0.0445819536122476,0.0483115401301783,0.0520281225414809,0.0557418568749346,0.0594425711501295),.UNSPECIFIED.);
#2287=B_SPLINE_CURVE_WITH_KNOTS('',3,(#3175,#3176,#3177,#3178,#3179,#3180,#3181,#3182,#3183,#3184,#3185,#3186,#3187,#3188,#3189,#3190,#3191,#3192),.UNSPECIFIED.,.F.,.F.,(4,2,2,2,2,2,2,2,4),(0.0,0.00369430309179646,0.00740156774380203,0.0111245607316718,0.014860616450089,0.0185966866838604,0.0223197132043541,0.0260269947532396,0.0297212844851967),.UNSPECIFIED.);
#2288=B_SPLINE_CURVE_WITH_KNOTS('',3,(#3193,#3194,#3195,#3196,#3197,#3198,#3199,#3200,#3201,#3202,#3203,#3204,#3205,#3206,#3207,#3208,#3209,#3210),.UNSPECIFIED.,.F.,.F.,(4,2,2,2,2,2,2,2,4),(0.0297212844851957,0.0334155742171528,0.0371228557660383,0.040845882286532,0.0445819525203034,0.0483180082387206,0.0520410012265904,0.055748265878596,0.0594425689703924),.UNSPECIFIED.);
#2289=B_SPLINE_CURVE_WITH_KNOTS('',3,(#3211,#3212,#3213,#3214,#3215,#3216,#3217,#3218,#3219,#3220,#3221,#3222,#3223,#3224,#3225,#3226,#3227,#3228),.UNSPECIFIED.,.F.,.F.,(4,2,2,2,2,2,2,2,4),(0.0,0.00369430309179541,0.00740156774380033,0.0111245607316714,0.0148606164500881,0.0185966866838596,0.0223197132043527,0.0260269947532403,0.0297212844851956),.UNSPECIFIED.);
#2290=B_SPLINE_CURVE_WITH_KNOTS('',3,(#3229,#3230,#3231,#3232,#3233,#3234,#3235,#3236,#3237,#3238,#3239,#3240,#3241,#3242,#3243,#3244,#3245,#3246),.UNSPECIFIED.,.F.,.F.,(4,2,2,2,2,2,2,2,4),(0.0297212844851961,0.0334155742171514,0.037122855766039,0.0408458822865321,0.0445819525203036,0.0483180082387203,0.0520410012265914,0.0557482658785963,0.0594425689703917),.UNSPECIFIED.);
#2291=B_SPLINE_CURVE_WITH_KNOTS('',3,(#3247,#3248,#3249,#3250,#3251,#3252,#3253,#3254,#3255,#3256,#3257,#3258,#3259,#3260,#3261,#3262,#3263,#3264),.UNSPECIFIED.,.F.,.F.,(4,2,2,2,2,2,2,2,4),(0.0,0.00369430309179561,0.0074015677438019,0.0111245607316717,0.0148606164500889,0.0185902097747513,0.0223068180892752,0.0260205770802682,0.0297212855771408),.UNSPECIFIED.);
#2292=B_SPLINE_CURVE_WITH_KNOTS('',3,(#3265,#3266,#3267,#3268,#3269,#3270,#3271,#3272,#3273,#3274,#3275,#3276,#3277,#3278,#3279,#3280,#3281,#3282),.UNSPECIFIED.,.F.,.F.,(4,2,2,2,2,2,2,2,4),(0.0297212844851957,0.0334219929820683,0.0371357519730613,0.0408523602875852,0.0445819536122476,0.0483180093306647,0.0520410023185345,0.0557482669705408,0.0594425700623364),.UNSPECIFIED.);
#2293=B_SPLINE_CURVE_WITH_KNOTS('',3,(#3283,#3284,#3285,#3286,#3287,#3288,#3289,#3290,#3291,#3292,#3293,#3294,#3295,#3296,#3297,#3298,#3299,#3300),.UNSPECIFIED.,.F.,.F.,(4,2,2,2,2,2,2,2,4),(0.0,0.00369430309179583,0.00740156774380004,0.0111245607316716,0.0148606164500883,0.0185966866838598,0.0223197132043529,0.0260269947532405,0.0297212844851962),.UNSPECIFIED.);
#2294=B_SPLINE_CURVE_WITH_KNOTS('',3,(#3301,#3302,#3303,#3304,#3305,#3306,#3307,#3308,#3309,#3310,#3311,#3312,#3313,#3314,#3315,#3316,#3317,#3318),.UNSPECIFIED.,.F.,.F.,(4,2,2,2,2,2,2,2,4),(0.0297212844851961,0.0334155742171518,0.0371228557660394,0.0408458822865325,0.044581952520304,0.0483180082387207,0.0520410012265923,0.0557482658785965,0.0594425689703923),.UNSPECIFIED.);
#2295=CARTESIAN_POINT('',(7.58,-1.12741955528295E-15,-10.88));
#2296=CARTESIAN_POINT('',(7.58,1.12741955528295E-15,10.88));
#2297=AXIS2_PLACEMENT_3D('',#3319,#3320,#3321);
#2298=CARTESIAN_POINT('',(7.86,-1.29808273505172E-15,-10.6));
#2299=AXIS2_PLACEMENT_3D('',#3322,#3323,#3324);
#2300=CARTESIAN_POINT('',(7.86,10.6,0.0));
#2301=AXIS2_PLACEMENT_3D('',#3325,#3326,#3327);
#2302=CARTESIAN_POINT('',(7.86,1.29808273505172E-15,10.6));
#2303=AXIS2_PLACEMENT_3D('',#3328,#3329,#3330);
#2304=AXIS2_PLACEMENT_3D('',#3331,#3332,#3333);
#2305=CARTESIAN_POINT('',(0.419999999999999,-1.12741955528295E-15,-10.88));
#2306=CARTESIAN_POINT('',(0.419999999999999,1.12741955528295E-15,10.88));
#2307=AXIS2_PLACEMENT_3D('',#3334,#3335,#3336);
#2308=CARTESIAN_POINT('',(0.695746170843417,-1.30403695357934E-15,-10.6486214897467));
#2309=AXIS2_PLACEMENT_3D('',#3337,#3338,#3339);
#2310=CARTESIAN_POINT('',(0.695746170843417,10.6486214897467,0.0));
#2311=AXIS2_PLACEMENT_3D('',#3340,#3341,#3342);
#2312=CARTESIAN_POINT('',(0.695746170843417,1.30403695357934E-15,10.6486214897467));
#2313=AXIS2_PLACEMENT_3D('',#3343,#3344,#3345);
#2314=AXIS2_PLACEMENT_3D('',#3346,#3347,#3348);
#2315=CARTESIAN_POINT('',(4.0,-1.20757004114062E-15,-10.4845));
#2316=CARTESIAN_POINT('',(4.0,1.20757004114062E-15,10.4845));
#2317=AXIS2_PLACEMENT_3D('',#3349,#3350,#3351);
#2318=CARTESIAN_POINT('',(5.4064992890151,-1.21236029028415E-15,-9.9));
#2319=AXIS2_PLACEMENT_3D('',#3352,#3353,#3354);
#2320=CARTESIAN_POINT('',(5.4064992890151,9.9,0.0));
#2321=AXIS2_PLACEMENT_3D('',#3355,#3356,#3357);
#2322=CARTESIAN_POINT('',(5.4064992890151,1.21236029028415E-15,9.9));
#2323=AXIS2_PLACEMENT_3D('',#3358,#3359,#3360);
#2324=AXIS2_PLACEMENT_3D('',#3361,#3362,#3363);
#2325=AXIS2_PLACEMENT_3D('',#3364,#3365,#3366);
#2326=CARTESIAN_POINT('',(5.4064992890151,-9.9,1.21236029028415E-15));
#2327=AXIS2_PLACEMENT_3D('',#3367,#3368,#3369);
#2328=AXIS2_PLACEMENT_3D('',#3370,#3371,#3372);
#2329=AXIS2_PLACEMENT_3D('',#3373,#3374,#3375);
#2330=CARTESIAN_POINT('',(0.695746170843417,-10.6486214897467,1.30403695357934E-15));
#2331=AXIS2_PLACEMENT_3D('',#3376,#3377,#3378);
#2332=AXIS2_PLACEMENT_3D('',#3379,#3380,#3381);
#2333=AXIS2_PLACEMENT_3D('',#3382,#3383,#3384);
#2334=CARTESIAN_POINT('',(7.86,-10.6,1.29808273505172E-15));
#2335=AXIS2_PLACEMENT_3D('',#3385,#3386,#3387);
#2336=AXIS2_PLACEMENT_3D('',#3388,#3389,#3390);
#2337=CARTESIAN_POINT('',(7.30425382915658,-1.30403695357934E-15,-10.6486214897467));
#2338=AXIS2_PLACEMENT_3D('',#3391,#3392,#3393);
#2339=CARTESIAN_POINT('',(7.30425382915658,-10.6486214897467,1.30403695357934E-15));
#2340=AXIS2_PLACEMENT_3D('',#3394,#3395,#3396);
#2341=CARTESIAN_POINT('',(7.30425382915658,1.30403695357934E-15,10.6486214897467));
#2342=AXIS2_PLACEMENT_3D('',#3397,#3398,#3399);
#2343=AXIS2_PLACEMENT_3D('',#3400,#3401,#3402);
#2344=CARTESIAN_POINT('',(8.0,10.6,0.0));
#2345=CARTESIAN_POINT('',(7.93,10.6,-1.29808273505172E-15));
#2346=VECTOR('',#3403,1.0);
#2347=CARTESIAN_POINT('',(8.0,-10.6,1.29808273505172E-15));
#2348=CARTESIAN_POINT('',(7.93,-10.6,1.29808273505172E-15));
#2349=VECTOR('',#3404,1.0);
#2350=AXIS2_PLACEMENT_3D('',#3405,#3406,#3407);
#2351=CARTESIAN_POINT('',(7.7,-1.46952762458685E-15,-12.0));
#2352=CARTESIAN_POINT('',(8.0,-1.43278943397218E-15,-11.7));
#2353=AXIS2_PLACEMENT_3D('',#3408,#3409,#3410);
#2354=CARTESIAN_POINT('',(7.7,12.0,0.0));
#2355=AXIS2_PLACEMENT_3D('',#3411,#3412,#3413);
#2356=CARTESIAN_POINT('',(7.7,1.46952762458685E-15,12.0));
#2357=AXIS2_PLACEMENT_3D('',#3414,#3415,#3416);
#2358=CARTESIAN_POINT('',(8.0,1.43278943397218E-15,11.7));
#2359=AXIS2_PLACEMENT_3D('',#3417,#3418,#3419);
#2360=AXIS2_PLACEMENT_3D('',#3420,#3421,#3422);
#2361=CARTESIAN_POINT('',(0.3,12.0,0.0));
#2362=CARTESIAN_POINT('',(4.0,12.0,-1.46952762458685E-15));
#2363=VECTOR('',#3423,1.0);
#2364=CARTESIAN_POINT('',(0.3,1.46952762458685E-15,12.0));
#2365=AXIS2_PLACEMENT_3D('',#3424,#3425,#3426);
#2366=CARTESIAN_POINT('',(0.3,-12.0,1.46952762458685E-15));
#2367=AXIS2_PLACEMENT_3D('',#3427,#3428,#3429);
#2368=CARTESIAN_POINT('',(7.7,-12.0,1.46952762458685E-15));
#2369=CARTESIAN_POINT('',(4.0,-12.0,1.46952762458685E-15));
#2370=VECTOR('',#3430,1.0);
#2371=AXIS2_PLACEMENT_3D('',#3431,#3432,#3433);
#2372=CARTESIAN_POINT('',(0.0,-1.43278943397218E-15,-11.7));
#2373=CARTESIAN_POINT('',(0.3,-1.46952762458685E-15,-12.0));
#2374=AXIS2_PLACEMENT_3D('',#3434,#3435,#3436);
#2375=CARTESIAN_POINT('',(0.0,1.43278943397218E-15,11.7));
#2376=AXIS2_PLACEMENT_3D('',#3437,#3438,#3439);
#2377=AXIS2_PLACEMENT_3D('',#3440,#3441,#3442);
#2378=AXIS2_PLACEMENT_3D('',#3443,#3444,#3445);
#2379=CARTESIAN_POINT('',(-2.33886803154004E-16,10.6,0.0));
#2380=CARTESIAN_POINT('',(0.14,10.6,0.0));
#2381=CARTESIAN_POINT('',(0.0699999999999994,10.6,-1.29808273505172E-15));
#2382=VECTOR('',#3446,1.0);
#2383=CARTESIAN_POINT('',(0.0,-10.6,1.29808273505172E-15));
#2384=AXIS2_PLACEMENT_3D('',#3447,#3448,#3449);
#2385=CARTESIAN_POINT('',(0.14,-10.6,1.29808273505172E-15));
#2386=CARTESIAN_POINT('',(0.0699999999999994,-10.6,1.29808273505172E-15));
#2387=VECTOR('',#3450,1.0);
#2388=CARTESIAN_POINT('',(0.14,-1.29808273505172E-15,-10.6));
#2389=AXIS2_PLACEMENT_3D('',#3451,#3452,#3453);
#2390=AXIS2_PLACEMENT_3D('',#3454,#3455,#3456);
#2391=AXIS2_PLACEMENT_3D('',#3457,#3458,#3459);
#2392=CARTESIAN_POINT('',(0.14,1.29808273505172E-15,10.6));
#2393=AXIS2_PLACEMENT_3D('',#3460,#3461,#3462);
#2394=AXIS2_PLACEMENT_3D('',#3463,#3464,#3465);
#2395=CARTESIAN_POINT('',(0.827748337823933,9.9,0.0));
#2396=CARTESIAN_POINT('',(0.761747254333675,10.2743107448734,-1.25819862193175E-15));
#2397=VECTOR('',#3466,1.0);
#2398=CARTESIAN_POINT('',(0.827748337823933,-9.9,1.21236029028415E-15));
#2399=CARTESIAN_POINT('',(0.761747254333675,-10.2743107448734,1.25819862193175E-15));
#2400=VECTOR('',#3467,1.0);
#2401=AXIS2_PLACEMENT_3D('',#3468,#3469,#3470);
#2402=CARTESIAN_POINT('',(2.5935007109849,9.9,0.0));
#2403=CARTESIAN_POINT('',(1.71062452440442,9.9,-1.21236029028415E-15));
#2404=VECTOR('',#3471,1.0);
#2405=CARTESIAN_POINT('',(2.5935007109849,-9.9,1.21236029028415E-15));
#2406=CARTESIAN_POINT('',(1.71062452440442,-9.9,1.21236029028415E-15));
#2407=VECTOR('',#3472,1.0);
#2408=CARTESIAN_POINT('',(2.5935007109849,-1.21236029028415E-15,-9.9));
#2409=AXIS2_PLACEMENT_3D('',#3473,#3474,#3475);
#2410=AXIS2_PLACEMENT_3D('',#3476,#3477,#3478);
#2411=AXIS2_PLACEMENT_3D('',#3479,#3480,#3481);
#2412=CARTESIAN_POINT('',(2.5935007109849,1.21236029028415E-15,9.9));
#2413=AXIS2_PLACEMENT_3D('',#3482,#3483,#3484);
#2414=AXIS2_PLACEMENT_3D('',#3485,#3486,#3487);
#2415=CARTESIAN_POINT('',(7.17225166217607,9.9,0.0));
#2416=CARTESIAN_POINT('',(6.28937547559558,9.9,-1.21236029028415E-15));
#2417=VECTOR('',#3488,1.0);
#2418=CARTESIAN_POINT('',(7.17225166217607,-9.9,1.21236029028415E-15));
#2419=CARTESIAN_POINT('',(6.28937547559558,-9.9,1.21236029028415E-15));
#2420=VECTOR('',#3489,1.0);
#2421=AXIS2_PLACEMENT_3D('',#3490,#3491,#3492);
#2422=CARTESIAN_POINT('',(7.30425382915658,10.6486214897467,0.0));
#2423=CARTESIAN_POINT('',(7.23825274566632,10.2743107448734,-1.25819862193175E-15));
#2424=VECTOR('',#3493,1.0);
#2425=CARTESIAN_POINT('',(7.23825274566632,-10.2743107448734,1.25819862193175E-15));
#2426=VECTOR('',#3494,1.0);
#2427=AXIS2_PLACEMENT_3D('',#3495,#3496,#3497);
#2428=AXIS2_PLACEMENT_3D('',#3498,#3499,#3500);
#2429=AXIS2_PLACEMENT_3D('',#3501,#3502,#3503);
#2430=AXIS2_PLACEMENT_3D('',#3504,#3505,#3506);
#2431=AXIS2_PLACEMENT_3D('',#3507,#3508,#3509);
#2432=AXIS2_PLACEMENT_3D('',#3510,#3511,#3512);
#2433=AXIS2_PLACEMENT_3D('',#3513,#3514,#3515);
#2434=AXIS2_PLACEMENT_3D('',#3516,#3517,#3518);
#2435=AXIS2_PLACEMENT_3D('',#3519,#3520,#3521);
#2436=AXIS2_PLACEMENT_3D('',#3522,#3523,#3524);
#2437=AXIS2_PLACEMENT_3D('',#3525,#3526,#3527);
#2438=AXIS2_PLACEMENT_3D('',#3528,#3529,#3530);
#2439=CARTESIAN_POINT('',(4.0,7.21523779308522E-16,6.5155));
#2440=CARTESIAN_POINT('',(4.0,-7.21523779308522E-16,-6.5155));
#2441=AXIS2_PLACEMENT_3D('',#3531,#3532,#3533);
#2442=CARTESIAN_POINT('',(5.520728526069,8.84778090636667E-16,7.225));
#2443=AXIS2_PLACEMENT_3D('',#3534,#3535,#3536);
#2444=CARTESIAN_POINT('',(5.520728526069,7.225,0.0));
#2445=AXIS2_PLACEMENT_3D('',#3537,#3538,#3539);
#2446=CARTESIAN_POINT('',(5.520728526069,-8.84778090636667E-16,-7.225));
#2447=AXIS2_PLACEMENT_3D('',#3540,#3541,#3542);
#2448=AXIS2_PLACEMENT_3D('',#3543,#3544,#3545);
#2449=AXIS2_PLACEMENT_3D('',#3546,#3547,#3548);
#2450=CARTESIAN_POINT('',(5.520728526069,-7.225,8.84778090636667E-16));
#2451=AXIS2_PLACEMENT_3D('',#3549,#3550,#3551);
#2452=AXIS2_PLACEMENT_3D('',#3552,#3553,#3554);
#2453=CARTESIAN_POINT('',(8.0,7.225,0.0));
#2454=CARTESIAN_POINT('',(6.7603642630345,7.225,-8.84778090636668E-16));
#2455=VECTOR('',#3555,1.0);
#2456=CARTESIAN_POINT('',(8.0,-7.225,8.84778090636668E-16));
#2457=CARTESIAN_POINT('',(6.7603642630345,-7.225,8.84778090636668E-16));
#2458=VECTOR('',#3556,1.0);
#2459=AXIS2_PLACEMENT_3D('',#3557,#3558,#3559);
#2460=CARTESIAN_POINT('',(2.479271473931,8.84778090636667E-16,7.225));
#2461=AXIS2_PLACEMENT_3D('',#3560,#3561,#3562);
#2462=CARTESIAN_POINT('',(2.479271473931,-7.225,8.84778090636667E-16));
#2463=AXIS2_PLACEMENT_3D('',#3563,#3564,#3565);
#2464=CARTESIAN_POINT('',(2.479271473931,-8.84778090636667E-16,-7.225));
#2465=AXIS2_PLACEMENT_3D('',#3566,#3567,#3568);
#2466=AXIS2_PLACEMENT_3D('',#3569,#3570,#3571);
#2467=CARTESIAN_POINT('',(1.25652255527492E-17,7.225,0.0));
#2468=CARTESIAN_POINT('',(2.479271473931,7.225,0.0));
#2469=CARTESIAN_POINT('',(1.2396357369655,7.225,-8.84778090636667E-16));
#2470=VECTOR('',#3572,1.0);
#2471=CARTESIAN_POINT('',(0.0,-7.225,8.84778090636668E-16));
#2472=AXIS2_PLACEMENT_3D('',#3573,#3574,#3575);
#2473=CARTESIAN_POINT('',(1.2396357369655,-7.225,8.84778090636667E-16));
#2474=VECTOR('',#3576,1.0);
#2475=AXIS2_PLACEMENT_3D('',#3577,#3578,#3579);
#2476=CARTESIAN_POINT('',(0.3,-4.89842541528951E-16,-4.0));
#2477=CARTESIAN_POINT('',(0.0,-5.26580732143622E-16,-4.3));
#2478=AXIS2_PLACEMENT_3D('',#3580,#3581,#3582);
#2479=CARTESIAN_POINT('',(0.3,4.0,0.0));
#2480=AXIS2_PLACEMENT_3D('',#3583,#3584,#3585);
#2481=CARTESIAN_POINT('',(0.3,4.89842541528951E-16,4.0));
#2482=AXIS2_PLACEMENT_3D('',#3586,#3587,#3588);
#2483=CARTESIAN_POINT('',(0.0,5.26580732143622E-16,4.3));
#2484=AXIS2_PLACEMENT_3D('',#3589,#3590,#3591);
#2485=AXIS2_PLACEMENT_3D('',#3592,#3593,#3594);
#2486=CARTESIAN_POINT('',(7.7,4.0,0.0));
#2487=CARTESIAN_POINT('',(4.0,4.0,-4.89842541528951E-16));
#2488=VECTOR('',#3595,1.0);
#2489=CARTESIAN_POINT('',(0.3,-4.0,4.89842541528951E-16));
#2490=AXIS2_PLACEMENT_3D('',#3596,#3597,#3598);
#2491=CARTESIAN_POINT('',(7.7,-4.0,4.89842541528951E-16));
#2492=CARTESIAN_POINT('',(4.0,-4.0,4.89842541528951E-16));
#2493=VECTOR('',#3599,1.0);
#2494=CARTESIAN_POINT('',(7.7,-4.89842541528951E-16,-4.0));
#2495=AXIS2_PLACEMENT_3D('',#3600,#3601,#3602);
#2496=AXIS2_PLACEMENT_3D('',#3603,#3604,#3605);
#2497=CARTESIAN_POINT('',(8.0,-5.26580732143622E-16,-4.3));
#2498=AXIS2_PLACEMENT_3D('',#3606,#3607,#3608);
#2499=CARTESIAN_POINT('',(8.0,5.26580732143622E-16,4.3));
#2500=AXIS2_PLACEMENT_3D('',#3609,#3610,#3611);
#2501=CARTESIAN_POINT('',(7.7,4.89842541528951E-16,4.0));
#2502=AXIS2_PLACEMENT_3D('',#3612,#3613,#3614);
#2503=AXIS2_PLACEMENT_3D('',#3615,#3616,#3617);
#2504=AXIS2_PLACEMENT_3D('',#3618,#3619,#3620);
#2505=AXIS2_PLACEMENT_3D('',#3621,#3622,#3623);
#2506=AXIS2_PLACEMENT_3D('',#3624,#3625,#3626);
#2507=AXIS2_PLACEMENT_3D('',#3627,#3628,#3629);
#2508=AXIS2_PLACEMENT_3D('',#3630,#3631,#3632);
#2509=AXIS2_PLACEMENT_3D('',#3633,#3634,#3635);
#2510=AXIS2_PLACEMENT_3D('',#3636,#3637,#3638);
#2511=CARTESIAN_POINT('',(7.17844627563315,9.686,0.0));
#2512=CARTESIAN_POINT('',(7.59844627563315,9.266,0.0));
#2513=CARTESIAN_POINT('',(7.38844627563315,9.476,-1.16043698088209E-15));
#2514=VECTOR('',#3639,1.0);
#2515=CARTESIAN_POINT('',(7.17844627563315,-9.686,1.18615371431235E-15));
#2516=AXIS2_PLACEMENT_3D('',#3640,#3641,#3642);
#2517=CARTESIAN_POINT('',(7.59844627563315,-9.266,1.13472024745182E-15));
#2518=CARTESIAN_POINT('',(7.38844627563315,-9.476,1.16043698088209E-15));
#2519=VECTOR('',#3643,1.0);
#2520=AXIS2_PLACEMENT_3D('',#3644,#3645,#3646);
#2521=CARTESIAN_POINT('',(7.17844627563315,7.56875,0.0));
#2522=CARTESIAN_POINT('',(7.59844627563315,7.56875,0.0));
#2523=CARTESIAN_POINT('',(7.38844627563315,7.56875,-9.26873934049312E-16));
#2524=VECTOR('',#3647,1.0);
#2525=CARTESIAN_POINT('',(7.17844627563315,-7.56875,9.26873934049312E-16));
#2526=AXIS2_PLACEMENT_3D('',#3648,#3649,#3650);
#2527=CARTESIAN_POINT('',(7.59844627563315,-7.56875,9.26873934049312E-16));
#2528=CARTESIAN_POINT('',(7.38844627563315,-7.56875,9.26873934049312E-16));
#2529=VECTOR('',#3651,1.0);
#2530=AXIS2_PLACEMENT_3D('',#3652,#3653,#3654);
#2531=CARTESIAN_POINT('',(7.17844627563315,7.35875,0.0));
#2532=CARTESIAN_POINT('',(7.80844627563315,7.35875,0.0));
#2533=CARTESIAN_POINT('',(7.49344627563315,7.35875,-9.01157200619042E-16));
#2534=VECTOR('',#3655,1.0);
#2535=CARTESIAN_POINT('',(7.17844627563315,-7.35875,9.01157200619042E-16));
#2536=AXIS2_PLACEMENT_3D('',#3656,#3657,#3658);
#2537=CARTESIAN_POINT('',(7.80844627563315,-7.35875,9.01157200619042E-16));
#2538=CARTESIAN_POINT('',(7.49344627563315,-7.35875,9.01157200619042E-16));
#2539=VECTOR('',#3659,1.0);
#2540=AXIS2_PLACEMENT_3D('',#3660,#3661,#3662);
#2541=CARTESIAN_POINT('',(7.38844627563315,9.77298484809835,0.0));
#2542=CARTESIAN_POINT('',(7.80844627563315,9.35298484809836,0.0));
#2543=CARTESIAN_POINT('',(7.59844627563315,9.56298484809835,-1.17108920064884E-15));
#2544=VECTOR('',#3663,1.0);
#2545=CARTESIAN_POINT('',(7.38844627563315,-9.77298484809835,1.19680593407911E-15));
#2546=AXIS2_PLACEMENT_3D('',#3664,#3665,#3666);
#2547=CARTESIAN_POINT('',(7.80844627563315,-9.35298484809836,1.14537246721857E-15));
#2548=CARTESIAN_POINT('',(7.59844627563315,-9.56298484809835,1.17108920064884E-15));
#2549=VECTOR('',#3667,1.0);
#2550=AXIS2_PLACEMENT_3D('',#3668,#3669,#3670);
#2551=CARTESIAN_POINT('',(7.38844627563315,9.88162738065956,0.0));
#2552=CARTESIAN_POINT('',(7.56448630522345,10.88,0.0));
#2553=CARTESIAN_POINT('',(7.4764662904283,10.3808136903298,-1.27124104030242E-15));
#2554=VECTOR('',#3671,1.0);
#2555=CARTESIAN_POINT('',(7.38844627563315,-9.88162738065956,1.21011036764609E-15));
#2556=AXIS2_PLACEMENT_3D('',#3672,#3673,#3674);
#2557=CARTESIAN_POINT('',(7.56448630522345,-10.88,1.33237171295875E-15));
#2558=CARTESIAN_POINT('',(7.4764662904283,-10.3808136903298,1.27124104030242E-15));
#2559=VECTOR('',#3675,1.0);
#2560=AXIS2_PLACEMENT_3D('',#3676,#3677,#3678);
#2561=CARTESIAN_POINT('',(7.35124671672745,10.88,0.0));
#2562=CARTESIAN_POINT('',(7.45786651097545,10.88,-1.33237171295875E-15));
#2563=VECTOR('',#3679,1.0);
#2564=CARTESIAN_POINT('',(7.35124671672745,-10.88,1.33237171295875E-15));
#2565=AXIS2_PLACEMENT_3D('',#3680,#3681,#3682);
#2566=CARTESIAN_POINT('',(7.45786651097545,-10.88,1.33237171295875E-15));
#2567=VECTOR('',#3683,1.0);
#2568=AXIS2_PLACEMENT_3D('',#3684,#3685,#3686);
#2569=CARTESIAN_POINT('',(7.17844627563315,9.9,0.0));
#2570=CARTESIAN_POINT('',(7.2648464961803,10.39,-1.27236600162145E-15));
#2571=VECTOR('',#3687,1.0);
#2572=CARTESIAN_POINT('',(7.17844627563315,-9.9,1.21236029028415E-15));
#2573=AXIS2_PLACEMENT_3D('',#3688,#3689,#3690);
#2574=CARTESIAN_POINT('',(7.2648464961803,-10.39,1.27236600162145E-15));
#2575=VECTOR('',#3691,1.0);
#2576=AXIS2_PLACEMENT_3D('',#3692,#3693,#3694);
#2577=AXIS2_PLACEMENT_3D('',#3695,#3696,#3697);
#2578=AXIS2_PLACEMENT_3D('',#3698,#3699,#3700);
#2579=AXIS2_PLACEMENT_3D('',#3701,#3702,#3703);
#2580=AXIS2_PLACEMENT_3D('',#3704,#3705,#3706);
#2581=AXIS2_PLACEMENT_3D('',#3707,#3708,#3709);
#2582=AXIS2_PLACEMENT_3D('',#3710,#3711,#3712);
#2583=AXIS2_PLACEMENT_3D('',#3713,#3714,#3715);
#2584=AXIS2_PLACEMENT_3D('',#3716,#3717,#3718);
#2585=AXIS2_PLACEMENT_3D('',#3719,#3720,#3721);
#2586=AXIS2_PLACEMENT_3D('',#3722,#3723,#3724);
#2587=CARTESIAN_POINT('',(0.821553724366851,9.686,-3.89234550442343E-16));
#2588=CARTESIAN_POINT('',(0.401553724366852,9.266,-4.40668017302882E-16));
#2589=CARTESIAN_POINT('',(0.611553724366851,9.476,7.45485697009473E-16));
#2590=VECTOR('',#3725,1.0);
#2591=CARTESIAN_POINT('',(0.821553724366851,-9.686,-1.5753882647547E-15));
#2592=AXIS2_PLACEMENT_3D('',#3726,#3727,#3728);
#2593=CARTESIAN_POINT('',(0.401553724366852,-9.266,-1.5753882647547E-15));
#2594=CARTESIAN_POINT('',(0.611553724366851,-9.476,-1.5753882647547E-15));
#2595=VECTOR('',#3729,1.0);
#2596=AXIS2_PLACEMENT_3D('',#3730,#3731,#3732);
#2597=CARTESIAN_POINT('',(0.821553724366851,7.56875,-3.89234550442343E-16));
#2598=CARTESIAN_POINT('',(0.401553724366851,7.56875,-4.40668017302882E-16));
#2599=CARTESIAN_POINT('',(0.611553724366851,7.56875,5.11922650176699E-16));
#2600=VECTOR('',#3733,1.0);
#2601=CARTESIAN_POINT('',(0.821553724366851,-7.56875,-1.31610848449165E-15));
#2602=AXIS2_PLACEMENT_3D('',#3734,#3735,#3736);
#2603=CARTESIAN_POINT('',(0.401553724366851,-7.56875,-1.36754195135219E-15));
#2604=CARTESIAN_POINT('',(0.611553724366851,-7.56875,-1.34182521792192E-15));
#2605=VECTOR('',#3737,1.0);
#2606=AXIS2_PLACEMENT_3D('',#3738,#3739,#3740);
#2607=CARTESIAN_POINT('',(0.821553724366851,7.35875,-3.89234550442343E-16));
#2608=CARTESIAN_POINT('',(0.191553724366852,7.35875,-4.66384750733152E-16));
#2609=CARTESIAN_POINT('',(0.506553724366851,7.35875,4.73347550031294E-16));
#2610=VECTOR('',#3741,1.0);
#2611=CARTESIAN_POINT('',(0.821553724366851,-7.35875,-1.29039175106138E-15));
#2612=AXIS2_PLACEMENT_3D('',#3742,#3743,#3744);
#2613=CARTESIAN_POINT('',(0.191553724366852,-7.35875,-1.36754195135219E-15));
#2614=CARTESIAN_POINT('',(0.506553724366851,-7.35875,-1.32896685120679E-15));
#2615=VECTOR('',#3745,1.0);
#2616=AXIS2_PLACEMENT_3D('',#3746,#3747,#3748);
#2617=CARTESIAN_POINT('',(0.611553724366851,9.77298484809835,-4.14951283872612E-16));
#2618=CARTESIAN_POINT('',(0.191553724366852,9.35298484809836,-4.66384750733152E-16));
#2619=CARTESIAN_POINT('',(0.401553724366852,9.56298484809835,7.30421183345955E-16));
#2620=VECTOR('',#3749,1.0);
#2621=CARTESIAN_POINT('',(0.611553724366851,-9.77298484809835,-1.61175721795172E-15));
#2622=AXIS2_PLACEMENT_3D('',#3750,#3751,#3752);
#2623=CARTESIAN_POINT('',(0.191553724366852,-9.35298484809836,-1.61175721795172E-15));
#2624=CARTESIAN_POINT('',(0.401553724366852,-9.56298484809835,-1.61175721795172E-15));
#2625=VECTOR('',#3753,1.0);
#2626=AXIS2_PLACEMENT_3D('',#3754,#3755,#3756);
#2627=CARTESIAN_POINT('',(0.611553724366851,9.88162738065956,-4.14951283872612E-16));
#2628=CARTESIAN_POINT('',(0.435513694776549,10.88,-4.36509257748949E-16));
#2629=CARTESIAN_POINT('',(0.5235337095717,10.3808136903298,8.45510769491636E-16));
#2630=VECTOR('',#3757,1.0);
#2631=CARTESIAN_POINT('',(0.611553724366851,-9.88162738065956,-1.6250616515187E-15));
#2632=AXIS2_PLACEMENT_3D('',#3758,#3759,#3760);
#2633=CARTESIAN_POINT('',(0.435513694776549,-10.88,-1.7688809707077E-15));
#2634=CARTESIAN_POINT('',(0.5235337095717,-10.3808136903298,-1.6969713111132E-15));
#2635=VECTOR('',#3761,1.0);
#2636=AXIS2_PLACEMENT_3D('',#3762,#3763,#3764);
#2637=CARTESIAN_POINT('',(0.648753283272555,10.88,-4.10395802253081E-16));
#2638=CARTESIAN_POINT('',(0.542133489024552,10.88,9.08919182957732E-16));
#2639=VECTOR('',#3765,1.0);
#2640=CARTESIAN_POINT('',(0.648753283272555,-10.88,-1.74276751521183E-15));
#2641=AXIS2_PLACEMENT_3D('',#3766,#3767,#3768);
#2642=CARTESIAN_POINT('',(0.542133489024552,-10.88,-1.75582424295976E-15));
#2643=VECTOR('',#3769,1.0);
#2644=AXIS2_PLACEMENT_3D('',#3770,#3771,#3772);
#2645=CARTESIAN_POINT('',(0.821553724366851,9.9,-3.89234550442343E-16));
#2646=CARTESIAN_POINT('',(0.735153503819703,10.39,8.72550825273738E-16));
#2647=VECTOR('',#3773,1.0);
#2648=CARTESIAN_POINT('',(0.821553724366851,-9.9,-1.6015948407265E-15));
#2649=AXIS2_PLACEMENT_3D('',#3774,#3775,#3776);
#2650=CARTESIAN_POINT('',(0.735153503819703,-10.39,-1.67218117796916E-15));
#2651=VECTOR('',#3777,1.0);
#2652=AXIS2_PLACEMENT_3D('',#3778,#3779,#3780);
#2653=AXIS2_PLACEMENT_3D('',#3781,#3782,#3783);
#2654=AXIS2_PLACEMENT_3D('',#3784,#3785,#3786);
#2655=AXIS2_PLACEMENT_3D('',#3787,#3788,#3789);
#2656=AXIS2_PLACEMENT_3D('',#3790,#3791,#3792);
#2657=AXIS2_PLACEMENT_3D('',#3793,#3794,#3795);
#2658=AXIS2_PLACEMENT_3D('',#3796,#3797,#3798);
#2659=AXIS2_PLACEMENT_3D('',#3799,#3800,#3801);
#2660=AXIS2_PLACEMENT_3D('',#3802,#3803,#3804);
#2661=AXIS2_PLACEMENT_3D('',#3805,#3806,#3807);
#2662=AXIS2_PLACEMENT_3D('',#3808,#3809,#3810);
#2663=CARTESIAN_POINT('',(4.0,8.27834469117647,1.97208244606313));
#2664=CARTESIAN_POINT('',(4.0,7.24814653880073,4.45920079746034));
#2665=AXIS2_PLACEMENT_3D('',#3811,#3812,#3813);
#2666=CARTESIAN_POINT('',(4.0,8.25834469117647,1.96973169790137));
#2667=CARTESIAN_POINT('',(4.0,8.27834469117647,1.97208244606313));
#2668=CARTESIAN_POINT('',(3.99876856563607,8.27834469117647,1.97208244606313));
#2669=CARTESIAN_POINT('',(3.99731951912265,8.27805697253999,1.97204864899797));
#2670=CARTESIAN_POINT('',(3.99504147148668,8.27711606621959,1.97193811823487));
#2671=CARTESIAN_POINT('',(3.99381044801717,8.27629491740681,1.9718416525062));
#2672=CARTESIAN_POINT('',(3.99206276786231,8.27455193639096,1.97163687352315));
#2673=CARTESIAN_POINT('',(3.99123836467795,8.27332022089012,1.97149215102784));
#2674=CARTESIAN_POINT('',(3.99029012661266,8.27103749796676,1.97122390710006));
#2675=CARTESIAN_POINT('',(3.99,8.2695815289079,1.97105279713177));
#2676=CARTESIAN_POINT('',(3.99,8.26710784863966,1.9707620472163));
#2677=CARTESIAN_POINT('',(3.99029012836775,8.26565187887783,1.97059089550135));
#2678=CARTESIAN_POINT('',(3.99123836839837,8.26336915378534,1.97032252855576));
#2679=CARTESIAN_POINT('',(3.99206277492963,8.26213743612665,1.97017770550494));
#2680=CARTESIAN_POINT('',(3.99381045964819,8.26039445612166,1.96997275362809));
#2681=CARTESIAN_POINT('',(3.99504148423685,8.25957330851705,1.96987618805042));
#2682=CARTESIAN_POINT('',(3.99731952959057,8.25863240783124,1.96976553603434));
#2683=CARTESIAN_POINT('',(3.99876857008935,8.25834469117647,1.96973169790137));
#2684=CARTESIAN_POINT('',(4.0,8.25834469117647,1.96973169790137));
#2685=CARTESIAN_POINT('',(4.0,7.23234217321096,4.44672089180266));
#2686=AXIS2_PLACEMENT_3D('',#3814,#3815,#3816);
#2687=CARTESIAN_POINT('',(4.0,7.23234217321096,4.44672089180266));
#2688=CARTESIAN_POINT('',(3.99876857008935,7.23234217321095,4.44672089180266));
#2689=CARTESIAN_POINT('',(3.99731952959057,7.23256954678189,4.44690041102701));
#2690=CARTESIAN_POINT('',(3.99504148423685,7.23331310682818,4.44748748549146));
#2691=CARTESIAN_POINT('',(3.99381045964818,7.23396202804255,4.44799984235622));
#2692=CARTESIAN_POINT('',(3.99206277492963,7.23533942388549,4.44908739247529));
#2693=CARTESIAN_POINT('',(3.99123836839837,7.23631278515576,4.44985594302296));
#2694=CARTESIAN_POINT('',(3.99029012836775,7.23811667963532,4.45128030932837));
#2695=CARTESIAN_POINT('',(3.99,7.23926722826536,4.45218881288191));
#2696=CARTESIAN_POINT('',(3.99,7.24122197559438,4.45373237773721));
#2697=CARTESIAN_POINT('',(3.99029012661266,7.24237249420801,4.45464091031301));
#2698=CARTESIAN_POINT('',(3.99123836467795,7.24417630016703,4.45606536207135));
#2699=CARTESIAN_POINT('',(3.99206276786231,7.24514958880799,4.45683398219666));
#2700=CARTESIAN_POINT('',(3.99381044801717,7.24652686311133,4.45792165528489));
#2701=CARTESIAN_POINT('',(3.99504147148668,7.2471757145761,4.45843408360787));
#2702=CARTESIAN_POINT('',(3.99731951912265,7.24791919286785,4.45902124779537));
#2703=CARTESIAN_POINT('',(3.99876856563607,7.24814653880073,4.45920079746034));
#2704=CARTESIAN_POINT('',(4.0,7.24814653880073,4.45920079746034));
#2705=CARTESIAN_POINT('',(4.0,-1.97208244606313,8.27834469117647));
#2706=CARTESIAN_POINT('',(4.0,-4.45920079746034,7.24814653880073));
#2707=AXIS2_PLACEMENT_3D('',#3817,#3818,#3819);
#2708=CARTESIAN_POINT('',(4.0,-1.96973169790137,8.25834469117647));
#2709=CARTESIAN_POINT('',(4.0,-1.97208244606313,8.27834469117647));
#2710=CARTESIAN_POINT('',(3.99876856563607,-1.97208244606313,8.27834469117647));
#2711=CARTESIAN_POINT('',(3.99731951912265,-1.97204864899797,8.27805697253999));
#2712=CARTESIAN_POINT('',(3.99504147148668,-1.97193811823487,8.27711606621959));
#2713=CARTESIAN_POINT('',(3.99381044801717,-1.9718416525062,8.27629491740681));
#2714=CARTESIAN_POINT('',(3.99206276786231,-1.97163687352315,8.27455193639096));
#2715=CARTESIAN_POINT('',(3.99123836467795,-1.97149215102784,8.27332022089012));
#2716=CARTESIAN_POINT('',(3.99029012661266,-1.97122390710006,8.27103749796676));
#2717=CARTESIAN_POINT('',(3.99,-1.97105279713177,8.2695815289079));
#2718=CARTESIAN_POINT('',(3.99,-1.9707620472163,8.26710784863966));
#2719=CARTESIAN_POINT('',(3.99029012836775,-1.97059089550135,8.26565187887783));
#2720=CARTESIAN_POINT('',(3.99123836839837,-1.97032252855576,8.26336915378534));
#2721=CARTESIAN_POINT('',(3.99206277492963,-1.97017770550494,8.26213743612665));
#2722=CARTESIAN_POINT('',(3.99381045964818,-1.96997275362809,8.26039445612166));
#2723=CARTESIAN_POINT('',(3.99504148423685,-1.96987618805041,8.25957330851705));
#2724=CARTESIAN_POINT('',(3.99731952959057,-1.96976553603434,8.25863240783124));
#2725=CARTESIAN_POINT('',(3.99876857008935,-1.96973169790137,8.25834469117647));
#2726=CARTESIAN_POINT('',(4.0,-1.96973169790137,8.25834469117647));
#2727=CARTESIAN_POINT('',(4.0,-4.44672089180266,7.23234217321096));
#2728=AXIS2_PLACEMENT_3D('',#3820,#3821,#3822);
#2729=CARTESIAN_POINT('',(4.0,-4.44672089180266,7.23234217321096));
#2730=CARTESIAN_POINT('',(3.99876857008935,-4.44672089180266,7.23234217321095));
#2731=CARTESIAN_POINT('',(3.99731952959057,-4.44690041102701,7.23256954678189));
#2732=CARTESIAN_POINT('',(3.99504148423685,-4.44748748549146,7.23331310682818));
#2733=CARTESIAN_POINT('',(3.99381045964818,-4.44799984235622,7.23396202804255));
#2734=CARTESIAN_POINT('',(3.99206277492963,-4.44908739247529,7.23533942388549));
#2735=CARTESIAN_POINT('',(3.99123836839837,-4.44985594302296,7.23631278515576));
#2736=CARTESIAN_POINT('',(3.99029012836775,-4.45128030932837,7.23811667963532));
#2737=CARTESIAN_POINT('',(3.99,-4.45218881288191,7.23926722826536));
#2738=CARTESIAN_POINT('',(3.99,-4.45373237773721,7.24122197559438));
#2739=CARTESIAN_POINT('',(3.99029012661266,-4.45464091031301,7.24237249420801));
#2740=CARTESIAN_POINT('',(3.99123836467795,-4.45606536207135,7.24417630016703));
#2741=CARTESIAN_POINT('',(3.99206276786231,-4.45683398219666,7.24514958880799));
#2742=CARTESIAN_POINT('',(3.99381044801717,-4.45792165528489,7.24652686311133));
#2743=CARTESIAN_POINT('',(3.99504147148668,-4.45843408360787,7.2471757145761));
#2744=CARTESIAN_POINT('',(3.99731951912265,-4.45902124779537,7.24791919286785));
#2745=CARTESIAN_POINT('',(3.99876856563607,-4.45920079746034,7.24814653880073));
#2746=CARTESIAN_POINT('',(4.0,-4.45920079746034,7.24814653880073));
#2747=CARTESIAN_POINT('',(4.0,-7.24814653880073,4.45920079746034));
#2748=CARTESIAN_POINT('',(4.0,-8.27834469117647,1.97208244606313));
#2749=AXIS2_PLACEMENT_3D('',#3823,#3824,#3825);
#2750=CARTESIAN_POINT('',(4.0,-7.23234217321096,4.44672089180266));
#2751=CARTESIAN_POINT('',(4.0,-7.24814653880073,4.45920079746034));
#2752=CARTESIAN_POINT('',(3.99876856563607,-7.24814653880073,4.45920079746034));
#2753=CARTESIAN_POINT('',(3.99731951912265,-7.24791919286785,4.45902124779537));
#2754=CARTESIAN_POINT('',(3.99504147148668,-7.2471757145761,4.45843408360787));
#2755=CARTESIAN_POINT('',(3.99381044801717,-7.24652686311133,4.45792165528489));
#2756=CARTESIAN_POINT('',(3.99206276786231,-7.24514958880799,4.45683398219666));
#2757=CARTESIAN_POINT('',(3.99123836467795,-7.24417630016703,4.45606536207135));
#2758=CARTESIAN_POINT('',(3.99029012661266,-7.24237249420801,4.45464091031301));
#2759=CARTESIAN_POINT('',(3.99,-7.24122197559438,4.45373237773721));
#2760=CARTESIAN_POINT('',(3.99,-7.23926722826536,4.45218881288191));
#2761=CARTESIAN_POINT('',(3.99029012836775,-7.23811667963532,4.45128030932837));
#2762=CARTESIAN_POINT('',(3.99123836839837,-7.23631278515576,4.44985594302296));
#2763=CARTESIAN_POINT('',(3.99206277492963,-7.23533942388549,4.44908739247529));
#2764=CARTESIAN_POINT('',(3.99381045964818,-7.23396202804255,4.44799984235622));
#2765=CARTESIAN_POINT('',(3.99504148423685,-7.23331310682818,4.44748748549146));
#2766=CARTESIAN_POINT('',(3.99731952959057,-7.23256954678189,4.44690041102701));
#2767=CARTESIAN_POINT('',(3.99876857008935,-7.23234217321096,4.44672089180266));
#2768=CARTESIAN_POINT('',(4.0,-7.23234217321096,4.44672089180266));
#2769=CARTESIAN_POINT('',(4.0,-8.25834469117647,1.96973169790137));
#2770=AXIS2_PLACEMENT_3D('',#3826,#3827,#3828);
#2771=CARTESIAN_POINT('',(4.0,-8.25834469117647,1.96973169790137));
#2772=CARTESIAN_POINT('',(3.99876857008935,-8.25834469117647,1.96973169790136));
#2773=CARTESIAN_POINT('',(3.99731952959057,-8.25863240783124,1.96976553603434));
#2774=CARTESIAN_POINT('',(3.99504148423685,-8.25957330851705,1.96987618805042));
#2775=CARTESIAN_POINT('',(3.99381045964819,-8.26039445612166,1.96997275362809));
#2776=CARTESIAN_POINT('',(3.99206277492963,-8.26213743612665,1.97017770550494));
#2777=CARTESIAN_POINT('',(3.99123836839837,-8.26336915378534,1.97032252855576));
#2778=CARTESIAN_POINT('',(3.99029012836775,-8.26565187887783,1.97059089550136));
#2779=CARTESIAN_POINT('',(3.99,-8.26710784863966,1.9707620472163));
#2780=CARTESIAN_POINT('',(3.99,-8.2695815289079,1.97105279713177));
#2781=CARTESIAN_POINT('',(3.99029012661266,-8.27103749796676,1.97122390710007));
#2782=CARTESIAN_POINT('',(3.99123836467795,-8.27332022089012,1.97149215102784));
#2783=CARTESIAN_POINT('',(3.99206276786231,-8.27455193639096,1.97163687352315));
#2784=CARTESIAN_POINT('',(3.99381044801717,-8.27629491740681,1.9718416525062));
#2785=CARTESIAN_POINT('',(3.99504147148668,-8.27711606621959,1.97193811823487));
#2786=CARTESIAN_POINT('',(3.99731951912265,-8.27805697253999,1.97204864899797));
#2787=CARTESIAN_POINT('',(3.99876856563607,-8.27834469117647,1.97208244606313));
#2788=CARTESIAN_POINT('',(4.0,-8.27834469117647,1.97208244606313));
#2789=CARTESIAN_POINT('',(4.0,-8.27834469117647,-1.97208244606313));
#2790=CARTESIAN_POINT('',(4.0,-7.24814653880073,-4.45920079746034));
#2791=AXIS2_PLACEMENT_3D('',#3829,#3830,#3831);
#2792=CARTESIAN_POINT('',(4.0,-8.25834469117647,-1.96973169790137));
#2793=CARTESIAN_POINT('',(4.0,-8.27834469117647,-1.97208244606313));
#2794=CARTESIAN_POINT('',(3.99876856563607,-8.27834469117647,-1.97208244606313));
#2795=CARTESIAN_POINT('',(3.99731951912265,-8.27805697253999,-1.97204864899797));
#2796=CARTESIAN_POINT('',(3.99504147148668,-8.27711606621959,-1.97193811823487));
#2797=CARTESIAN_POINT('',(3.99381044801717,-8.27629491740681,-1.9718416525062));
#2798=CARTESIAN_POINT('',(3.99206276786231,-8.27455193639096,-1.97163687352315));
#2799=CARTESIAN_POINT('',(3.99123836467795,-8.27332022089012,-1.97149215102784));
#2800=CARTESIAN_POINT('',(3.99029012661266,-8.27103749796676,-1.97122390710006));
#2801=CARTESIAN_POINT('',(3.99,-8.2695815289079,-1.97105279713177));
#2802=CARTESIAN_POINT('',(3.99,-8.26710784863966,-1.9707620472163));
#2803=CARTESIAN_POINT('',(3.99029012836775,-8.26565187887783,-1.97059089550135));
#2804=CARTESIAN_POINT('',(3.99123836839837,-8.26336915378534,-1.97032252855576));
#2805=CARTESIAN_POINT('',(3.99206277492963,-8.26213743612665,-1.97017770550494));
#2806=CARTESIAN_POINT('',(3.99381045964819,-8.26039445612166,-1.96997275362809));
#2807=CARTESIAN_POINT('',(3.99504148423685,-8.25957330851705,-1.96987618805041));
#2808=CARTESIAN_POINT('',(3.99731952959057,-8.25863240783124,-1.96976553603434));
#2809=CARTESIAN_POINT('',(3.99876857008935,-8.25834469117647,-1.96973169790137));
#2810=CARTESIAN_POINT('',(4.0,-8.25834469117647,-1.96973169790137));
#2811=CARTESIAN_POINT('',(4.0,-7.23234217321096,-4.44672089180266));
#2812=AXIS2_PLACEMENT_3D('',#3832,#3833,#3834);
#2813=CARTESIAN_POINT('',(4.0,-7.23234217321096,-4.44672089180266));
#2814=CARTESIAN_POINT('',(3.99876857008935,-7.23234217321095,-4.44672089180266));
#2815=CARTESIAN_POINT('',(3.99731952959057,-7.2325695467819,-4.44690041102701));
#2816=CARTESIAN_POINT('',(3.99504148423685,-7.23331310682818,-4.44748748549145));
#2817=CARTESIAN_POINT('',(3.99381045964819,-7.23396202804255,-4.44799984235623));
#2818=CARTESIAN_POINT('',(3.99206277492963,-7.23533942388549,-4.4490873924753));
#2819=CARTESIAN_POINT('',(3.99123836839837,-7.23631278515576,-4.44985594302295));
#2820=CARTESIAN_POINT('',(3.99029012836775,-7.23811667963532,-4.45128030932836));
#2821=CARTESIAN_POINT('',(3.99,-7.23926722826537,-4.45218881288191));
#2822=CARTESIAN_POINT('',(3.99,-7.24122197559438,-4.45373237773721));
#2823=CARTESIAN_POINT('',(3.99029012661266,-7.24237249420801,-4.45464091031301));
#2824=CARTESIAN_POINT('',(3.99123836467795,-7.24417630016703,-4.45606536207135));
#2825=CARTESIAN_POINT('',(3.99206276786231,-7.24514958880799,-4.45683398219666));
#2826=CARTESIAN_POINT('',(3.99381044801718,-7.24652686311134,-4.45792165528489));
#2827=CARTESIAN_POINT('',(3.99504147148668,-7.24717571457611,-4.45843408360787));
#2828=CARTESIAN_POINT('',(3.99731951912265,-7.24791919286785,-4.45902124779537));
#2829=CARTESIAN_POINT('',(3.99876856563607,-7.24814653880073,-4.45920079746034));
#2830=CARTESIAN_POINT('',(4.0,-7.24814653880073,-4.45920079746034));
#2831=CARTESIAN_POINT('',(4.0,-4.45920079746035,-7.24814653880073));
#2832=CARTESIAN_POINT('',(4.0,-1.97208244606313,-8.27834469117647));
#2833=AXIS2_PLACEMENT_3D('',#3835,#3836,#3837);
#2834=CARTESIAN_POINT('',(4.0,-4.44672089180266,-7.23234217321096));
#2835=CARTESIAN_POINT('',(4.0,-4.45920079746035,-7.24814653880073));
#2836=CARTESIAN_POINT('',(3.99876856563607,-4.45920079746035,-7.24814653880073));
#2837=CARTESIAN_POINT('',(3.99731951912265,-4.45902124779537,-7.24791919286785));
#2838=CARTESIAN_POINT('',(3.99504147148668,-4.45843408360787,-7.24717571457611));
#2839=CARTESIAN_POINT('',(3.99381044801718,-4.45792165528489,-7.24652686311133));
#2840=CARTESIAN_POINT('',(3.99206276786231,-4.45683398219666,-7.24514958880799));
#2841=CARTESIAN_POINT('',(3.99123836467795,-4.45606536207135,-7.24417630016703));
#2842=CARTESIAN_POINT('',(3.99029012661266,-4.45464091031301,-7.24237249420801));
#2843=CARTESIAN_POINT('',(3.99,-4.45373237773721,-7.24122197559438));
#2844=CARTESIAN_POINT('',(3.99,-4.45218881288191,-7.23926722826537));
#2845=CARTESIAN_POINT('',(3.99029012836775,-4.45128030932837,-7.23811667963532));
#2846=CARTESIAN_POINT('',(3.99123836839837,-4.44985594302295,-7.23631278515576));
#2847=CARTESIAN_POINT('',(3.99206277492963,-4.4490873924753,-7.23533942388548));
#2848=CARTESIAN_POINT('',(3.99381045964819,-4.44799984235623,-7.23396202804254));
#2849=CARTESIAN_POINT('',(3.99504148423685,-4.44748748549146,-7.23331310682818));
#2850=CARTESIAN_POINT('',(3.99731952959057,-4.44690041102701,-7.2325695467819));
#2851=CARTESIAN_POINT('',(3.99876857008935,-4.44672089180266,-7.23234217321096));
#2852=CARTESIAN_POINT('',(4.0,-4.44672089180266,-7.23234217321096));
#2853=CARTESIAN_POINT('',(4.0,-1.96973169790137,-8.25834469117647));
#2854=AXIS2_PLACEMENT_3D('',#3838,#3839,#3840);
#2855=CARTESIAN_POINT('',(4.0,-1.96973169790137,-8.25834469117647));
#2856=CARTESIAN_POINT('',(3.99876857008935,-1.96973169790136,-8.25834469117647));
#2857=CARTESIAN_POINT('',(3.99731952959057,-1.96976553603434,-8.25863240783124));
#2858=CARTESIAN_POINT('',(3.99504148423685,-1.96987618805042,-8.25957330851705));
#2859=CARTESIAN_POINT('',(3.99381045964819,-1.96997275362809,-8.26039445612166));
#2860=CARTESIAN_POINT('',(3.99206277492963,-1.97017770550494,-8.26213743612665));
#2861=CARTESIAN_POINT('',(3.99123836839837,-1.97032252855576,-8.26336915378534));
#2862=CARTESIAN_POINT('',(3.99029012836775,-1.97059089550136,-8.26565187887783));
#2863=CARTESIAN_POINT('',(3.99,-1.9707620472163,-8.26710784863966));
#2864=CARTESIAN_POINT('',(3.99,-1.97105279713177,-8.2695815289079));
#2865=CARTESIAN_POINT('',(3.99029012661266,-1.97122390710007,-8.27103749796676));
#2866=CARTESIAN_POINT('',(3.99123836467795,-1.97149215102784,-8.27332022089012));
#2867=CARTESIAN_POINT('',(3.99206276786231,-1.97163687352315,-8.27455193639096));
#2868=CARTESIAN_POINT('',(3.99381044801717,-1.9718416525062,-8.27629491740681));
#2869=CARTESIAN_POINT('',(3.99504147148668,-1.97193811823487,-8.27711606621959));
#2870=CARTESIAN_POINT('',(3.99731951912265,-1.97204864899797,-8.27805697253999));
#2871=CARTESIAN_POINT('',(3.99876856563607,-1.97208244606313,-8.27834469117647));
#2872=CARTESIAN_POINT('',(4.0,-1.97208244606313,-8.27834469117647));
#2873=CARTESIAN_POINT('',(4.0,1.97208244606313,-8.27834469117647));
#2874=CARTESIAN_POINT('',(4.0,4.45920079746034,-7.24814653880073));
#2875=AXIS2_PLACEMENT_3D('',#3841,#3842,#3843);
#2876=CARTESIAN_POINT('',(4.0,1.96973169790137,-8.25834469117647));
#2877=CARTESIAN_POINT('',(4.0,1.97208244606313,-8.27834469117647));
#2878=CARTESIAN_POINT('',(3.99876856563607,1.97208244606313,-8.27834469117647));
#2879=CARTESIAN_POINT('',(3.99731951912265,1.97204864899797,-8.27805697253999));
#2880=CARTESIAN_POINT('',(3.99504147148668,1.97193811823487,-8.27711606621959));
#2881=CARTESIAN_POINT('',(3.99381044801717,1.9718416525062,-8.27629491740681));
#2882=CARTESIAN_POINT('',(3.99206276786231,1.97163687352315,-8.27455193639096));
#2883=CARTESIAN_POINT('',(3.99123836467795,1.97149215102784,-8.27332022089012));
#2884=CARTESIAN_POINT('',(3.99029012661266,1.97122390710006,-8.27103749796676));
#2885=CARTESIAN_POINT('',(3.99,1.97105279713177,-8.2695815289079));
#2886=CARTESIAN_POINT('',(3.99,1.9707620472163,-8.26710784863966));
#2887=CARTESIAN_POINT('',(3.99029012836775,1.97059089550135,-8.26565187887783));
#2888=CARTESIAN_POINT('',(3.99123836839837,1.97032252855576,-8.26336915378534));
#2889=CARTESIAN_POINT('',(3.99206277492963,1.97017770550494,-8.26213743612665));
#2890=CARTESIAN_POINT('',(3.99381045964819,1.96997275362809,-8.26039445612166));
#2891=CARTESIAN_POINT('',(3.99504148423685,1.96987618805041,-8.25957330851705));
#2892=CARTESIAN_POINT('',(3.99731952959057,1.96976553603434,-8.25863240783124));
#2893=CARTESIAN_POINT('',(3.99876857008935,1.96973169790137,-8.25834469117647));
#2894=CARTESIAN_POINT('',(4.0,1.96973169790137,-8.25834469117647));
#2895=CARTESIAN_POINT('',(4.0,4.44672089180266,-7.23234217321096));
#2896=AXIS2_PLACEMENT_3D('',#3844,#3845,#3846);
#2897=CARTESIAN_POINT('',(4.0,4.44672089180266,-7.23234217321096));
#2898=CARTESIAN_POINT('',(3.99876857008935,4.44672089180266,-7.23234217321095));
#2899=CARTESIAN_POINT('',(3.99731952959057,4.44690041102701,-7.23256954678189));
#2900=CARTESIAN_POINT('',(3.99504148423685,4.44748748549146,-7.23331310682817));
#2901=CARTESIAN_POINT('',(3.99381045964819,4.44799984235622,-7.23396202804255));
#2902=CARTESIAN_POINT('',(3.99206277492963,4.44908739247529,-7.23533942388549));
#2903=CARTESIAN_POINT('',(3.99123836839837,4.44985594302295,-7.23631278515576));
#2904=CARTESIAN_POINT('',(3.99029012836775,4.45128030932836,-7.23811667963532));
#2905=CARTESIAN_POINT('',(3.99,4.4521888128819,-7.23926722826537));
#2906=CARTESIAN_POINT('',(3.99,4.45373237773721,-7.24122197559438));
#2907=CARTESIAN_POINT('',(3.99029012661266,4.45464091031301,-7.24237249420801));
#2908=CARTESIAN_POINT('',(3.99123836467795,4.45606536207135,-7.24417630016703));
#2909=CARTESIAN_POINT('',(3.99206276786231,4.45683398219666,-7.24514958880799));
#2910=CARTESIAN_POINT('',(3.99381044801717,4.45792165528489,-7.24652686311133));
#2911=CARTESIAN_POINT('',(3.99504147148668,4.45843408360787,-7.2471757145761));
#2912=CARTESIAN_POINT('',(3.99731951912265,4.45902124779537,-7.24791919286785));
#2913=CARTESIAN_POINT('',(3.99876856563607,4.45920079746034,-7.24814653880073));
#2914=CARTESIAN_POINT('',(4.0,4.45920079746034,-7.24814653880073));
#2915=CARTESIAN_POINT('',(4.0,7.24814653880073,-4.45920079746034));
#2916=CARTESIAN_POINT('',(4.0,8.27834469117647,-1.97208244606313));
#2917=AXIS2_PLACEMENT_3D('',#3847,#3848,#3849);
#2918=CARTESIAN_POINT('',(4.0,7.23234217321096,-4.44672089180266));
#2919=CARTESIAN_POINT('',(4.0,7.24814653880073,-4.45920079746034));
#2920=CARTESIAN_POINT('',(3.99876856563607,7.24814653880073,-4.45920079746034));
#2921=CARTESIAN_POINT('',(3.99731951912265,7.24791919286785,-4.45902124779538));
#2922=CARTESIAN_POINT('',(3.99504147148668,7.2471757145761,-4.45843408360788));
#2923=CARTESIAN_POINT('',(3.99381044801717,7.24652686311133,-4.45792165528489));
#2924=CARTESIAN_POINT('',(3.99206276786231,7.24514958880799,-4.45683398219666));
#2925=CARTESIAN_POINT('',(3.99123836467795,7.24417630016703,-4.45606536207136));
#2926=CARTESIAN_POINT('',(3.99029012661266,7.24237249420801,-4.45464091031302));
#2927=CARTESIAN_POINT('',(3.99,7.24122197559438,-4.45373237773721));
#2928=CARTESIAN_POINT('',(3.99,7.23926722826536,-4.45218881288191));
#2929=CARTESIAN_POINT('',(3.99029012836775,7.23811667963532,-4.45128030932836));
#2930=CARTESIAN_POINT('',(3.99123836839837,7.23631278515576,-4.44985594302295));
#2931=CARTESIAN_POINT('',(3.99206277492963,7.23533942388548,-4.44908739247529));
#2932=CARTESIAN_POINT('',(3.99381045964819,7.23396202804255,-4.44799984235623));
#2933=CARTESIAN_POINT('',(3.99504148423685,7.23331310682817,-4.44748748549146));
#2934=CARTESIAN_POINT('',(3.99731952959057,7.23256954678189,-4.44690041102702));
#2935=CARTESIAN_POINT('',(3.99876857008935,7.23234217321096,-4.44672089180266));
#2936=CARTESIAN_POINT('',(4.0,7.23234217321096,-4.44672089180266));
#2937=CARTESIAN_POINT('',(4.0,8.25834469117647,-1.96973169790137));
#2938=AXIS2_PLACEMENT_3D('',#3850,#3851,#3852);
#2939=CARTESIAN_POINT('',(4.0,8.25834469117647,-1.96973169790137));
#2940=CARTESIAN_POINT('',(3.99876857008935,8.25834469117647,-1.96973169790136));
#2941=CARTESIAN_POINT('',(3.99731952959057,8.25863240783124,-1.96976553603434));
#2942=CARTESIAN_POINT('',(3.99504148423685,8.25957330851705,-1.96987618805042));
#2943=CARTESIAN_POINT('',(3.99381045964819,8.26039445612166,-1.96997275362809));
#2944=CARTESIAN_POINT('',(3.99206277492963,8.26213743612665,-1.97017770550494));
#2945=CARTESIAN_POINT('',(3.99123836839837,8.26336915378534,-1.97032252855576));
#2946=CARTESIAN_POINT('',(3.99029012836775,8.26565187887783,-1.97059089550135));
#2947=CARTESIAN_POINT('',(3.99,8.26710784863966,-1.9707620472163));
#2948=CARTESIAN_POINT('',(3.99,8.2695815289079,-1.97105279713177));
#2949=CARTESIAN_POINT('',(3.99029012661266,8.27103749796676,-1.97122390710006));
#2950=CARTESIAN_POINT('',(3.99123836467795,8.27332022089012,-1.97149215102784));
#2951=CARTESIAN_POINT('',(3.99206276786231,8.27455193639096,-1.97163687352315));
#2952=CARTESIAN_POINT('',(3.99381044801717,8.27629491740681,-1.9718416525062));
#2953=CARTESIAN_POINT('',(3.99504147148668,8.27711606621959,-1.97193811823487));
#2954=CARTESIAN_POINT('',(3.99731951912265,8.27805697253999,-1.97204864899797));
#2955=CARTESIAN_POINT('',(3.99876856563607,8.27834469117647,-1.97208244606313));
#2956=CARTESIAN_POINT('',(4.0,8.27834469117647,-1.97208244606313));
#2957=CARTESIAN_POINT('',(4.0,4.45920079746034,7.24814653880073));
#2958=CARTESIAN_POINT('',(4.0,1.97208244606313,8.27834469117647));
#2959=AXIS2_PLACEMENT_3D('',#3853,#3854,#3855);
#2960=CARTESIAN_POINT('',(4.0,4.44672089180266,7.23234217321096));
#2961=CARTESIAN_POINT('',(4.0,4.45920079746034,7.24814653880073));
#2962=CARTESIAN_POINT('',(3.99876856563607,4.45920079746034,7.24814653880073));
#2963=CARTESIAN_POINT('',(3.99731951912265,4.45902124779537,7.24791919286785));
#2964=CARTESIAN_POINT('',(3.99504147148668,4.45843408360787,7.2471757145761));
#2965=CARTESIAN_POINT('',(3.99381044801717,4.45792165528489,7.24652686311133));
#2966=CARTESIAN_POINT('',(3.99206276786231,4.45683398219666,7.24514958880799));
#2967=CARTESIAN_POINT('',(3.99123836467795,4.45606536207135,7.24417630016703));
#2968=CARTESIAN_POINT('',(3.99029012661266,4.45464091031301,7.24237249420801));
#2969=CARTESIAN_POINT('',(3.99,4.45373237773721,7.24122197559438));
#2970=CARTESIAN_POINT('',(3.99,4.45218881288191,7.23926722826536));
#2971=CARTESIAN_POINT('',(3.99029012836775,4.45128030932837,7.23811667963532));
#2972=CARTESIAN_POINT('',(3.99123836839837,4.44985594302296,7.23631278515576));
#2973=CARTESIAN_POINT('',(3.99206277492963,4.44908739247529,7.23533942388549));
#2974=CARTESIAN_POINT('',(3.99381045964818,4.44799984235622,7.23396202804255));
#2975=CARTESIAN_POINT('',(3.99504148423685,4.44748748549146,7.23331310682818));
#2976=CARTESIAN_POINT('',(3.99731952959057,4.44690041102701,7.23256954678189));
#2977=CARTESIAN_POINT('',(3.99876857008935,4.44672089180266,7.23234217321096));
#2978=CARTESIAN_POINT('',(4.0,4.44672089180266,7.23234217321096));
#2979=CARTESIAN_POINT('',(4.0,1.96973169790137,8.25834469117647));
#2980=AXIS2_PLACEMENT_3D('',#3856,#3857,#3858);
#2981=CARTESIAN_POINT('',(4.0,1.96973169790137,8.25834469117647));
#2982=CARTESIAN_POINT('',(3.99876857008935,1.96973169790136,8.25834469117647));
#2983=CARTESIAN_POINT('',(3.99731952959057,1.96976553603434,8.25863240783124));
#2984=CARTESIAN_POINT('',(3.99504148423685,1.96987618805042,8.25957330851705));
#2985=CARTESIAN_POINT('',(3.99381045964818,1.96997275362809,8.26039445612166));
#2986=CARTESIAN_POINT('',(3.99206277492963,1.97017770550494,8.26213743612665));
#2987=CARTESIAN_POINT('',(3.99123836839837,1.97032252855576,8.26336915378534));
#2988=CARTESIAN_POINT('',(3.99029012836775,1.97059089550136,8.26565187887783));
#2989=CARTESIAN_POINT('',(3.99,1.9707620472163,8.26710784863966));
#2990=CARTESIAN_POINT('',(3.99,1.97105279713177,8.2695815289079));
#2991=CARTESIAN_POINT('',(3.99029012661266,1.97122390710007,8.27103749796676));
#2992=CARTESIAN_POINT('',(3.99123836467795,1.97149215102784,8.27332022089012));
#2993=CARTESIAN_POINT('',(3.99206276786231,1.97163687352315,8.27455193639096));
#2994=CARTESIAN_POINT('',(3.99381044801717,1.9718416525062,8.27629491740681));
#2995=CARTESIAN_POINT('',(3.99504147148668,1.97193811823487,8.27711606621959));
#2996=CARTESIAN_POINT('',(3.99731951912265,1.97204864899797,8.27805697253999));
#2997=CARTESIAN_POINT('',(3.99876856563607,1.97208244606313,8.27834469117647));
#2998=CARTESIAN_POINT('',(4.0,1.97208244606313,8.27834469117647));
#2999=CARTESIAN_POINT('',(4.0,8.5,-1.9845));
#3000=CARTESIAN_POINT('',(4.0,8.5,1.9845));
#3001=AXIS2_PLACEMENT_3D('',#3859,#3860,#3861);
#3002=AXIS2_PLACEMENT_3D('',#3862,#3863,#3864);
#3003=CARTESIAN_POINT('',(4.0,7.41366104735036,4.60715423282095));
#3004=CARTESIAN_POINT('',(4.0,4.60715423282095,7.41366104735036));
#3005=AXIS2_PLACEMENT_3D('',#3865,#3866,#3867);
#3006=AXIS2_PLACEMENT_3D('',#3868,#3869,#3870);
#3007=CARTESIAN_POINT('',(4.0,1.9845,8.5));
#3008=CARTESIAN_POINT('',(4.0,-1.9845,8.5));
#3009=AXIS2_PLACEMENT_3D('',#3871,#3872,#3873);
#3010=AXIS2_PLACEMENT_3D('',#3874,#3875,#3876);
#3011=CARTESIAN_POINT('',(4.0,-4.60715423282095,7.41366104735036));
#3012=CARTESIAN_POINT('',(4.0,-7.41366104735036,4.60715423282095));
#3013=AXIS2_PLACEMENT_3D('',#3877,#3878,#3879);
#3014=AXIS2_PLACEMENT_3D('',#3880,#3881,#3882);
#3015=CARTESIAN_POINT('',(4.0,-8.5,1.9845));
#3016=CARTESIAN_POINT('',(4.0,-8.5,-1.9845));
#3017=AXIS2_PLACEMENT_3D('',#3883,#3884,#3885);
#3018=AXIS2_PLACEMENT_3D('',#3886,#3887,#3888);
#3019=CARTESIAN_POINT('',(4.0,-7.41366104735036,-4.60715423282095));
#3020=CARTESIAN_POINT('',(4.0,-4.60715423282095,-7.41366104735036));
#3021=AXIS2_PLACEMENT_3D('',#3889,#3890,#3891);
#3022=AXIS2_PLACEMENT_3D('',#3892,#3893,#3894);
#3023=CARTESIAN_POINT('',(4.0,-1.9845,-8.5));
#3024=CARTESIAN_POINT('',(4.0,1.9845,-8.5));
#3025=AXIS2_PLACEMENT_3D('',#3895,#3896,#3897);
#3026=AXIS2_PLACEMENT_3D('',#3898,#3899,#3900);
#3027=CARTESIAN_POINT('',(4.0,4.60715423282095,-7.41366104735036));
#3028=CARTESIAN_POINT('',(4.0,7.41366104735036,-4.60715423282095));
#3029=AXIS2_PLACEMENT_3D('',#3901,#3902,#3903);
#3030=AXIS2_PLACEMENT_3D('',#3904,#3905,#3906);
#3031=CARTESIAN_POINT('',(4.0,4.45920079746034,-7.24814653880073));
#3032=CARTESIAN_POINT('',(4.00123143436393,4.45920079746034,-7.24814653880073));
#3033=CARTESIAN_POINT('',(4.00268048087735,4.45902124779537,-7.24791919286785));
#3034=CARTESIAN_POINT('',(4.00495852851332,4.45843408360787,-7.2471757145761));
#3035=CARTESIAN_POINT('',(4.00618955198283,4.45792165528489,-7.24652686311133));
#3036=CARTESIAN_POINT('',(4.00793723213769,4.45683398219666,-7.24514958880799));
#3037=CARTESIAN_POINT('',(4.00876163532205,4.45606536207135,-7.24417630016703));
#3038=CARTESIAN_POINT('',(4.00970987338734,4.45464091031301,-7.24237249420801));
#3039=CARTESIAN_POINT('',(4.01,4.45373237773721,-7.24122197559438));
#3040=CARTESIAN_POINT('',(4.01,4.4521888128819,-7.23926722826537));
#3041=CARTESIAN_POINT('',(4.00970987163225,4.45128030932836,-7.23811667963532));
#3042=CARTESIAN_POINT('',(4.00876163160163,4.44985594302295,-7.23631278515576));
#3043=CARTESIAN_POINT('',(4.00793722507037,4.44908739247529,-7.23533942388549));
#3044=CARTESIAN_POINT('',(4.00618954035182,4.44799984235622,-7.23396202804255));
#3045=CARTESIAN_POINT('',(4.00495851576315,4.44748748549145,-7.23331310682818));
#3046=CARTESIAN_POINT('',(4.00268047040943,4.44690041102701,-7.2325695467819));
#3047=CARTESIAN_POINT('',(4.00123142991065,4.44672089180266,-7.23234217321096));
#3048=CARTESIAN_POINT('',(4.0,4.44672089180266,-7.23234217321096));
#3049=CARTESIAN_POINT('',(4.0,7.23234217321096,-4.44672089180266));
#3050=CARTESIAN_POINT('',(4.00123142991065,7.23234217321095,-4.44672089180266));
#3051=CARTESIAN_POINT('',(4.00268047040943,7.23256954678189,-4.44690041102701));
#3052=CARTESIAN_POINT('',(4.00495851576315,7.23331310682817,-4.44748748549146));
#3053=CARTESIAN_POINT('',(4.00618954035182,7.23396202804255,-4.44799984235623));
#3054=CARTESIAN_POINT('',(4.00793722507037,7.23533942388548,-4.44908739247529));
#3055=CARTESIAN_POINT('',(4.00876163160163,7.23631278515576,-4.44985594302295));
#3056=CARTESIAN_POINT('',(4.00970987163225,7.23811667963532,-4.45128030932836));
#3057=CARTESIAN_POINT('',(4.01,7.23926722826536,-4.45218881288191));
#3058=CARTESIAN_POINT('',(4.01,7.24122197559438,-4.45373237773721));
#3059=CARTESIAN_POINT('',(4.00970987338734,7.24237249420801,-4.45464091031302));
#3060=CARTESIAN_POINT('',(4.00876163532205,7.24417630016703,-4.45606536207136));
#3061=CARTESIAN_POINT('',(4.00793723213769,7.24514958880799,-4.45683398219666));
#3062=CARTESIAN_POINT('',(4.00618955198283,7.24652686311133,-4.45792165528489));
#3063=CARTESIAN_POINT('',(4.00495852851332,7.2471757145761,-4.45843408360788));
#3064=CARTESIAN_POINT('',(4.00268048087735,7.24791919286785,-4.45902124779538));
#3065=CARTESIAN_POINT('',(4.00123143436393,7.24814653880073,-4.45920079746034));
#3066=CARTESIAN_POINT('',(4.0,7.24814653880073,-4.45920079746034));
#3067=CARTESIAN_POINT('',(4.0,-1.97208244606313,-8.27834469117647));
#3068=CARTESIAN_POINT('',(4.00123143436393,-1.97208244606314,-8.27834469117647));
#3069=CARTESIAN_POINT('',(4.00268048087736,-1.97204864899797,-8.27805697253999));
#3070=CARTESIAN_POINT('',(4.00495852851332,-1.97193811823487,-8.27711606621958));
#3071=CARTESIAN_POINT('',(4.00618955198283,-1.9718416525062,-8.27629491740681));
#3072=CARTESIAN_POINT('',(4.00793723213769,-1.97163687352315,-8.27455193639096));
#3073=CARTESIAN_POINT('',(4.00876163532205,-1.97149215102784,-8.27332022089012));
#3074=CARTESIAN_POINT('',(4.00970987338734,-1.97122390710007,-8.27103749796676));
#3075=CARTESIAN_POINT('',(4.01,-1.97105279713177,-8.2695815289079));
#3076=CARTESIAN_POINT('',(4.01,-1.9707620472163,-8.26710784863966));
#3077=CARTESIAN_POINT('',(4.00970987163225,-1.97059089550135,-8.26565187887783));
#3078=CARTESIAN_POINT('',(4.00876163160163,-1.97032252855576,-8.26336915378534));
#3079=CARTESIAN_POINT('',(4.00793722507037,-1.97017770550494,-8.26213743612665));
#3080=CARTESIAN_POINT('',(4.00618954035182,-1.96997275362809,-8.26039445612166));
#3081=CARTESIAN_POINT('',(4.00495851576315,-1.96987618805042,-8.25957330851705));
#3082=CARTESIAN_POINT('',(4.00268047040943,-1.96976553603434,-8.25863240783124));
#3083=CARTESIAN_POINT('',(4.00123142991065,-1.96973169790137,-8.25834469117647));
#3084=CARTESIAN_POINT('',(4.0,-1.96973169790137,-8.25834469117647));
#3085=CARTESIAN_POINT('',(4.0,1.96973169790137,-8.25834469117647));
#3086=CARTESIAN_POINT('',(4.00123142991065,1.96973169790136,-8.25834469117647));
#3087=CARTESIAN_POINT('',(4.00268047040943,1.96976553603434,-8.25863240783124));
#3088=CARTESIAN_POINT('',(4.00495851576315,1.96987618805041,-8.25957330851705));
#3089=CARTESIAN_POINT('',(4.00618954035182,1.96997275362809,-8.26039445612166));
#3090=CARTESIAN_POINT('',(4.00793722507037,1.97017770550494,-8.26213743612665));
#3091=CARTESIAN_POINT('',(4.00876163160163,1.97032252855575,-8.26336915378534));
#3092=CARTESIAN_POINT('',(4.00970987163225,1.97059089550135,-8.26565187887783));
#3093=CARTESIAN_POINT('',(4.01,1.9707620472163,-8.26710784863966));
#3094=CARTESIAN_POINT('',(4.01,1.97105279713177,-8.2695815289079));
#3095=CARTESIAN_POINT('',(4.00970987338734,1.97122390710006,-8.27103749796676));
#3096=CARTESIAN_POINT('',(4.00876163532205,1.97149215102784,-8.27332022089012));
#3097=CARTESIAN_POINT('',(4.00793723213769,1.97163687352315,-8.27455193639096));
#3098=CARTESIAN_POINT('',(4.00618955198283,1.9718416525062,-8.27629491740681));
#3099=CARTESIAN_POINT('',(4.00495852851332,1.97193811823487,-8.27711606621958));
#3100=CARTESIAN_POINT('',(4.00268048087736,1.97204864899797,-8.27805697253999));
#3101=CARTESIAN_POINT('',(4.00123143436393,1.97208244606313,-8.27834469117647));
#3102=CARTESIAN_POINT('',(4.0,1.97208244606313,-8.27834469117647));
#3103=CARTESIAN_POINT('',(4.0,-7.24814653880073,-4.45920079746034));
#3104=CARTESIAN_POINT('',(4.00123143436393,-7.24814653880074,-4.45920079746035));
#3105=CARTESIAN_POINT('',(4.00268048087735,-7.24791919286785,-4.45902124779537));
#3106=CARTESIAN_POINT('',(4.00495852851332,-7.24717571457611,-4.45843408360787));
#3107=CARTESIAN_POINT('',(4.00618955198282,-7.24652686311134,-4.45792165528489));
#3108=CARTESIAN_POINT('',(4.00793723213769,-7.24514958880799,-4.45683398219666));
#3109=CARTESIAN_POINT('',(4.00876163532205,-7.24417630016703,-4.45606536207135));
#3110=CARTESIAN_POINT('',(4.00970987338734,-7.24237249420801,-4.45464091031301));
#3111=CARTESIAN_POINT('',(4.01,-7.24122197559438,-4.45373237773721));
#3112=CARTESIAN_POINT('',(4.01,-7.23926722826537,-4.45218881288191));
#3113=CARTESIAN_POINT('',(4.00970987163225,-7.23811667963532,-4.45128030932836));
#3114=CARTESIAN_POINT('',(4.00876163160163,-7.23631278515576,-4.44985594302295));
#3115=CARTESIAN_POINT('',(4.00793722507037,-7.23533942388549,-4.4490873924753));
#3116=CARTESIAN_POINT('',(4.00618954035181,-7.23396202804255,-4.44799984235623));
#3117=CARTESIAN_POINT('',(4.00495851576315,-7.23331310682818,-4.44748748549145));
#3118=CARTESIAN_POINT('',(4.00268047040943,-7.2325695467819,-4.44690041102701));
#3119=CARTESIAN_POINT('',(4.00123142991065,-7.23234217321096,-4.44672089180266));
#3120=CARTESIAN_POINT('',(4.0,-7.23234217321096,-4.44672089180266));
#3121=CARTESIAN_POINT('',(4.0,-4.44672089180266,-7.23234217321096));
#3122=CARTESIAN_POINT('',(4.00123142991065,-4.44672089180266,-7.23234217321095));
#3123=CARTESIAN_POINT('',(4.00268047040943,-4.44690041102701,-7.2325695467819));
#3124=CARTESIAN_POINT('',(4.00495851576315,-4.44748748549146,-7.23331310682818));
#3125=CARTESIAN_POINT('',(4.00618954035181,-4.44799984235623,-7.23396202804255));
#3126=CARTESIAN_POINT('',(4.00793722507037,-4.4490873924753,-7.23533942388548));
#3127=CARTESIAN_POINT('',(4.00876163160163,-4.44985594302295,-7.23631278515576));
#3128=CARTESIAN_POINT('',(4.00970987163225,-4.45128030932836,-7.23811667963532));
#3129=CARTESIAN_POINT('',(4.01,-4.45218881288191,-7.23926722826537));
#3130=CARTESIAN_POINT('',(4.01,-4.45373237773721,-7.24122197559438));
#3131=CARTESIAN_POINT('',(4.00970987338734,-4.45464091031301,-7.24237249420801));
#3132=CARTESIAN_POINT('',(4.00876163532205,-4.45606536207135,-7.24417630016703));
#3133=CARTESIAN_POINT('',(4.00793723213769,-4.45683398219666,-7.24514958880799));
#3134=CARTESIAN_POINT('',(4.00618955198282,-4.45792165528489,-7.24652686311133));
#3135=CARTESIAN_POINT('',(4.00495852851332,-4.45843408360787,-7.24717571457611));
#3136=CARTESIAN_POINT('',(4.00268048087735,-4.45902124779537,-7.24791919286785));
#3137=CARTESIAN_POINT('',(4.00123143436393,-4.45920079746035,-7.24814653880073));
#3138=CARTESIAN_POINT('',(4.0,-4.45920079746035,-7.24814653880073));
#3139=CARTESIAN_POINT('',(4.0,-8.27834469117647,1.97208244606313));
#3140=CARTESIAN_POINT('',(4.00123357142506,-8.27834469117647,1.97208244606314));
#3141=CARTESIAN_POINT('',(4.00268503426008,-8.27805598488098,1.97204853298348));
#3142=CARTESIAN_POINT('',(4.00496640536083,-8.27711191176628,1.97193763019169));
#3143=CARTESIAN_POINT('',(4.0061987373395,-8.2762880894607,1.97184085036369));
#3144=CARTESIAN_POINT('',(4.00794406727799,-8.27454275952221,1.97163579529469));
#3145=CARTESIAN_POINT('',(4.00876580490795,-8.27331234318057,1.97149122536371));
#3146=CARTESIAN_POINT('',(4.00971086509083,-8.27103293130375,1.97122337041922));
#3147=CARTESIAN_POINT('',(4.01,-8.26957938725054,1.97105254540696));
#3148=CARTESIAN_POINT('',(4.01,-8.267109992849,1.97076229924107));
#3149=CARTESIAN_POINT('',(4.00971086451721,-8.26565645096545,1.97059143296548));
#3150=CARTESIAN_POINT('',(4.0087658061327,-8.26337704083114,1.97032345584031));
#3151=CARTESIAN_POINT('',(4.00794406831152,-8.26214662386426,1.97017878580523));
#3152=CARTESIAN_POINT('',(4.00619873659469,-8.26040129214744,1.96997355751419));
#3153=CARTESIAN_POINT('',(4.00496640193738,-8.25957746787588,1.96987667719173));
#3154=CARTESIAN_POINT('',(4.00268502917231,-8.2586333966561,1.96976565233083));
#3155=CARTESIAN_POINT('',(4.00123356949896,-8.25834469117647,1.96973169790137));
#3156=CARTESIAN_POINT('',(4.0,-8.25834469117647,1.96973169790137));
#3157=CARTESIAN_POINT('',(4.0,-8.25834469117647,-1.96973169790137));
#3158=CARTESIAN_POINT('',(4.00123356949896,-8.25834469117647,-1.96973169790136));
#3159=CARTESIAN_POINT('',(4.00268502917231,-8.2586333966561,-1.96976565233083));
#3160=CARTESIAN_POINT('',(4.00496640193738,-8.25957746787588,-1.96987667719173));
#3161=CARTESIAN_POINT('',(4.00619873659469,-8.26040129214744,-1.96997355751418));
#3162=CARTESIAN_POINT('',(4.00794406831152,-8.26214662386426,-1.97017878580523));
#3163=CARTESIAN_POINT('',(4.0087658061327,-8.26337704083114,-1.97032345584031));
#3164=CARTESIAN_POINT('',(4.00971086451721,-8.26565645096545,-1.97059143296548));
#3165=CARTESIAN_POINT('',(4.01,-8.267109992849,-1.97076229924106));
#3166=CARTESIAN_POINT('',(4.01,-8.26957938725054,-1.97105254540695));
#3167=CARTESIAN_POINT('',(4.00971086509083,-8.27103293130375,-1.97122337041922));
#3168=CARTESIAN_POINT('',(4.00876580490795,-8.27331234318057,-1.97149122536371));
#3169=CARTESIAN_POINT('',(4.00794406727799,-8.27454275952221,-1.97163579529468));
#3170=CARTESIAN_POINT('',(4.0061987373395,-8.2762880894607,-1.97184085036369));
#3171=CARTESIAN_POINT('',(4.00496640536083,-8.27711191176628,-1.97193763019169));
#3172=CARTESIAN_POINT('',(4.00268503426008,-8.27805598488098,-1.97204853298348));
#3173=CARTESIAN_POINT('',(4.00123357142506,-8.27834469117647,-1.97208244606313));
#3174=CARTESIAN_POINT('',(4.0,-8.27834469117647,-1.97208244606313));
#3175=CARTESIAN_POINT('',(4.0,-4.45920079746034,7.24814653880073));
#3176=CARTESIAN_POINT('',(4.00123143436393,-4.45920079746034,7.24814653880073));
#3177=CARTESIAN_POINT('',(4.00268048087735,-4.45902124779537,7.24791919286785));
#3178=CARTESIAN_POINT('',(4.00495852851332,-4.45843408360787,7.2471757145761));
#3179=CARTESIAN_POINT('',(4.00618955198283,-4.45792165528489,7.24652686311133));
#3180=CARTESIAN_POINT('',(4.00793723213769,-4.45683398219666,7.24514958880799));
#3181=CARTESIAN_POINT('',(4.00876163532205,-4.45606536207135,7.24417630016703));
#3182=CARTESIAN_POINT('',(4.00970987338734,-4.45464091031301,7.24237249420801));
#3183=CARTESIAN_POINT('',(4.01,-4.45373237773721,7.24122197559438));
#3184=CARTESIAN_POINT('',(4.01,-4.45218881288191,7.23926722826536));
#3185=CARTESIAN_POINT('',(4.00970987163225,-4.45128030932837,7.23811667963532));
#3186=CARTESIAN_POINT('',(4.00876163160163,-4.44985594302296,7.23631278515576));
#3187=CARTESIAN_POINT('',(4.00793722507037,-4.44908739247529,7.23533942388549));
#3188=CARTESIAN_POINT('',(4.00618954035182,-4.44799984235622,7.23396202804255));
#3189=CARTESIAN_POINT('',(4.00495851576315,-4.44748748549146,7.23331310682818));
#3190=CARTESIAN_POINT('',(4.00268047040943,-4.44690041102701,7.23256954678189));
#3191=CARTESIAN_POINT('',(4.00123142991065,-4.44672089180266,7.23234217321096));
#3192=CARTESIAN_POINT('',(4.0,-4.44672089180266,7.23234217321096));
#3193=CARTESIAN_POINT('',(4.0,-7.23234217321096,4.44672089180266));
#3194=CARTESIAN_POINT('',(4.00123142991065,-7.23234217321095,4.44672089180266));
#3195=CARTESIAN_POINT('',(4.00268047040943,-7.23256954678189,4.44690041102701));
#3196=CARTESIAN_POINT('',(4.00495851576315,-7.23331310682818,4.44748748549146));
#3197=CARTESIAN_POINT('',(4.00618954035182,-7.23396202804255,4.44799984235622));
#3198=CARTESIAN_POINT('',(4.00793722507037,-7.23533942388549,4.44908739247529));
#3199=CARTESIAN_POINT('',(4.00876163160163,-7.23631278515576,4.44985594302296));
#3200=CARTESIAN_POINT('',(4.00970987163225,-7.23811667963532,4.45128030932837));
#3201=CARTESIAN_POINT('',(4.01,-7.23926722826536,4.45218881288191));
#3202=CARTESIAN_POINT('',(4.01,-7.24122197559438,4.45373237773721));
#3203=CARTESIAN_POINT('',(4.00970987338734,-7.24237249420801,4.45464091031301));
#3204=CARTESIAN_POINT('',(4.00876163532205,-7.24417630016703,4.45606536207135));
#3205=CARTESIAN_POINT('',(4.00793723213769,-7.24514958880799,4.45683398219666));
#3206=CARTESIAN_POINT('',(4.00618955198283,-7.24652686311133,4.45792165528489));
#3207=CARTESIAN_POINT('',(4.00495852851332,-7.2471757145761,4.45843408360787));
#3208=CARTESIAN_POINT('',(4.00268048087735,-7.24791919286785,4.45902124779537));
#3209=CARTESIAN_POINT('',(4.00123143436393,-7.24814653880073,4.45920079746034));
#3210=CARTESIAN_POINT('',(4.0,-7.24814653880073,4.45920079746034));
#3211=CARTESIAN_POINT('',(4.0,1.97208244606313,8.27834469117647));
#3212=CARTESIAN_POINT('',(4.00123143436393,1.97208244606313,8.27834469117647));
#3213=CARTESIAN_POINT('',(4.00268048087735,1.97204864899797,8.27805697253999));
#3214=CARTESIAN_POINT('',(4.00495852851332,1.97193811823487,8.27711606621959));
#3215=CARTESIAN_POINT('',(4.00618955198283,1.9718416525062,8.27629491740681));
#3216=CARTESIAN_POINT('',(4.00793723213769,1.97163687352315,8.27455193639096));
#3217=CARTESIAN_POINT('',(4.00876163532205,1.97149215102784,8.27332022089012));
#3218=CARTESIAN_POINT('',(4.00970987338734,1.97122390710007,8.27103749796676));
#3219=CARTESIAN_POINT('',(4.01,1.97105279713177,8.2695815289079));
#3220=CARTESIAN_POINT('',(4.01,1.9707620472163,8.26710784863966));
#3221=CARTESIAN_POINT('',(4.00970987163225,1.97059089550136,8.26565187887783));
#3222=CARTESIAN_POINT('',(4.00876163160163,1.97032252855576,8.26336915378534));
#3223=CARTESIAN_POINT('',(4.00793722507037,1.97017770550494,8.26213743612665));
#3224=CARTESIAN_POINT('',(4.00618954035181,1.96997275362809,8.26039445612166));
#3225=CARTESIAN_POINT('',(4.00495851576315,1.96987618805042,8.25957330851705));
#3226=CARTESIAN_POINT('',(4.00268047040943,1.96976553603434,8.25863240783124));
#3227=CARTESIAN_POINT('',(4.00123142991065,1.96973169790137,8.25834469117647));
#3228=CARTESIAN_POINT('',(4.0,1.96973169790137,8.25834469117647));
#3229=CARTESIAN_POINT('',(4.0,-1.96973169790137,8.25834469117647));
#3230=CARTESIAN_POINT('',(4.00123142991065,-1.96973169790136,8.25834469117647));
#3231=CARTESIAN_POINT('',(4.00268047040943,-1.96976553603434,8.25863240783124));
#3232=CARTESIAN_POINT('',(4.00495851576315,-1.96987618805041,8.25957330851705));
#3233=CARTESIAN_POINT('',(4.00618954035181,-1.96997275362809,8.26039445612166));
#3234=CARTESIAN_POINT('',(4.00793722507037,-1.97017770550494,8.26213743612665));
#3235=CARTESIAN_POINT('',(4.00876163160163,-1.97032252855576,8.26336915378534));
#3236=CARTESIAN_POINT('',(4.00970987163225,-1.97059089550135,8.26565187887783));
#3237=CARTESIAN_POINT('',(4.01,-1.9707620472163,8.26710784863966));
#3238=CARTESIAN_POINT('',(4.01,-1.97105279713177,8.2695815289079));
#3239=CARTESIAN_POINT('',(4.00970987338734,-1.97122390710006,8.27103749796676));
#3240=CARTESIAN_POINT('',(4.00876163532205,-1.97149215102784,8.27332022089012));
#3241=CARTESIAN_POINT('',(4.00793723213769,-1.97163687352315,8.27455193639096));
#3242=CARTESIAN_POINT('',(4.00618955198283,-1.9718416525062,8.27629491740681));
#3243=CARTESIAN_POINT('',(4.00495852851332,-1.97193811823487,8.27711606621959));
#3244=CARTESIAN_POINT('',(4.00268048087735,-1.97204864899797,8.27805697253999));
#3245=CARTESIAN_POINT('',(4.00123143436393,-1.97208244606313,8.27834469117647));
#3246=CARTESIAN_POINT('',(4.0,-1.97208244606313,8.27834469117647));
#3247=CARTESIAN_POINT('',(4.0,7.24814653880073,4.45920079746034));
#3248=CARTESIAN_POINT('',(4.00123143436393,7.24814653880073,4.45920079746034));
#3249=CARTESIAN_POINT('',(4.00268048087735,7.24791919286785,4.45902124779537));
#3250=CARTESIAN_POINT('',(4.00495852851332,7.2471757145761,4.45843408360787));
#3251=CARTESIAN_POINT('',(4.00618955198283,7.24652686311133,4.45792165528489));
#3252=CARTESIAN_POINT('',(4.00793723213769,7.24514958880799,4.45683398219666));
#3253=CARTESIAN_POINT('',(4.00876163532205,7.24417630016703,4.45606536207135));
#3254=CARTESIAN_POINT('',(4.00970987338734,7.24237249420801,4.45464091031301));
#3255=CARTESIAN_POINT('',(4.01,7.24122197559438,4.45373237773721));
#3256=CARTESIAN_POINT('',(4.01,7.23926892265875,4.45219015085845));
#3257=CARTESIAN_POINT('',(4.00971086451721,7.23812029263401,4.451283162238));
#3258=CARTESIAN_POINT('',(4.0087658061327,7.23631901782852,4.44986086431733));
#3259=CARTESIAN_POINT('',(4.00794406831153,7.23534668448472,4.4490931252992));
#3260=CARTESIAN_POINT('',(4.00619873659469,7.23396743027604,4.4480041077231));
#3261=CARTESIAN_POINT('',(4.00496640193738,7.23331639381414,4.44749008072715));
#3262=CARTESIAN_POINT('',(4.00268502917231,7.23257032822069,4.44690102799775));
#3263=CARTESIAN_POINT('',(4.00123356949896,7.23234217321096,4.44672089180266));
#3264=CARTESIAN_POINT('',(4.0,7.23234217321096,4.44672089180266));
#3265=CARTESIAN_POINT('',(4.0,4.44672089180266,7.23234217321096));
#3266=CARTESIAN_POINT('',(4.00123356949896,4.44672089180266,7.23234217321095));
#3267=CARTESIAN_POINT('',(4.00268502917231,4.44690102799775,7.23257032822069));
#3268=CARTESIAN_POINT('',(4.00496640193738,4.44749008072715,7.23331639381414));
#3269=CARTESIAN_POINT('',(4.00619873659469,4.4480041077231,7.23396743027604));
#3270=CARTESIAN_POINT('',(4.00794406831153,4.4490931252992,7.23534668448472));
#3271=CARTESIAN_POINT('',(4.0087658061327,4.44986086431733,7.23631901782852));
#3272=CARTESIAN_POINT('',(4.00971086451721,4.451283162238,7.23812029263401));
#3273=CARTESIAN_POINT('',(4.01,4.45219015085845,7.23926892265875));
#3274=CARTESIAN_POINT('',(4.01,4.45373237773721,7.24122197559438));
#3275=CARTESIAN_POINT('',(4.00970987338734,4.45464091031301,7.24237249420801));
#3276=CARTESIAN_POINT('',(4.00876163532205,4.45606536207135,7.24417630016703));
#3277=CARTESIAN_POINT('',(4.00793723213769,4.45683398219666,7.24514958880799));
#3278=CARTESIAN_POINT('',(4.00618955198283,4.45792165528489,7.24652686311133));
#3279=CARTESIAN_POINT('',(4.00495852851332,4.45843408360787,7.2471757145761));
#3280=CARTESIAN_POINT('',(4.00268048087735,4.45902124779537,7.24791919286785));
#3281=CARTESIAN_POINT('',(4.00123143436393,4.45920079746034,7.24814653880073));
#3282=CARTESIAN_POINT('',(4.0,4.45920079746034,7.24814653880073));
#3283=CARTESIAN_POINT('',(4.0,8.27834469117647,-1.97208244606313));
#3284=CARTESIAN_POINT('',(4.00123143436393,8.27834469117647,-1.97208244606313));
#3285=CARTESIAN_POINT('',(4.00268048087735,8.27805697253999,-1.97204864899797));
#3286=CARTESIAN_POINT('',(4.00495852851332,8.27711606621959,-1.97193811823487));
#3287=CARTESIAN_POINT('',(4.00618955198283,8.27629491740681,-1.9718416525062));
#3288=CARTESIAN_POINT('',(4.00793723213769,8.27455193639096,-1.97163687352315));
#3289=CARTESIAN_POINT('',(4.00876163532205,8.27332022089012,-1.97149215102784));
#3290=CARTESIAN_POINT('',(4.00970987338734,8.27103749796676,-1.97122390710006));
#3291=CARTESIAN_POINT('',(4.01,8.2695815289079,-1.97105279713177));
#3292=CARTESIAN_POINT('',(4.01,8.26710784863966,-1.9707620472163));
#3293=CARTESIAN_POINT('',(4.00970987163225,8.26565187887783,-1.97059089550135));
#3294=CARTESIAN_POINT('',(4.00876163160163,8.26336915378534,-1.97032252855576));
#3295=CARTESIAN_POINT('',(4.00793722507037,8.26213743612665,-1.97017770550494));
#3296=CARTESIAN_POINT('',(4.00618954035181,8.26039445612166,-1.96997275362809));
#3297=CARTESIAN_POINT('',(4.00495851576315,8.25957330851705,-1.96987618805042));
#3298=CARTESIAN_POINT('',(4.00268047040943,8.25863240783124,-1.96976553603434));
#3299=CARTESIAN_POINT('',(4.00123142991065,8.25834469117647,-1.96973169790137));
#3300=CARTESIAN_POINT('',(4.0,8.25834469117647,-1.96973169790137));
#3301=CARTESIAN_POINT('',(4.0,8.25834469117647,1.96973169790137));
#3302=CARTESIAN_POINT('',(4.00123142991065,8.25834469117647,1.96973169790136));
#3303=CARTESIAN_POINT('',(4.00268047040943,8.25863240783124,1.96976553603434));
#3304=CARTESIAN_POINT('',(4.00495851576315,8.25957330851705,1.96987618805042));
#3305=CARTESIAN_POINT('',(4.00618954035181,8.26039445612166,1.96997275362809));
#3306=CARTESIAN_POINT('',(4.00793722507037,8.26213743612665,1.97017770550494));
#3307=CARTESIAN_POINT('',(4.00876163160163,8.26336915378534,1.97032252855576));
#3308=CARTESIAN_POINT('',(4.00970987163225,8.26565187887783,1.97059089550135));
#3309=CARTESIAN_POINT('',(4.01,8.26710784863966,1.9707620472163));
#3310=CARTESIAN_POINT('',(4.01,8.2695815289079,1.97105279713177));
#3311=CARTESIAN_POINT('',(4.00970987338734,8.27103749796676,1.97122390710006));
#3312=CARTESIAN_POINT('',(4.00876163532205,8.27332022089012,1.97149215102784));
#3313=CARTESIAN_POINT('',(4.00793723213769,8.27455193639096,1.97163687352315));
#3314=CARTESIAN_POINT('',(4.00618955198283,8.27629491740681,1.9718416525062));
#3315=CARTESIAN_POINT('',(4.00495852851332,8.27711606621959,1.97193811823487));
#3316=CARTESIAN_POINT('',(4.00268048087735,8.27805697253999,1.97204864899797));
#3317=CARTESIAN_POINT('',(4.00123143436393,8.27834469117647,1.97208244606313));
#3318=CARTESIAN_POINT('',(4.0,8.27834469117647,1.97208244606313));
#3319=CARTESIAN_POINT('',(7.58,0.0,0.0));
#3320=DIRECTION('',(1.0,0.0,-0.0));
#3321=DIRECTION('',(0.0,0.0,1.0));
#3322=CARTESIAN_POINT('',(7.58,-1.29808273505172E-15,-10.6));
#3323=DIRECTION('',(0.0,-1.0,1.22460635382238E-16));
#3324=DIRECTION('',(0.0,-1.22460635382238E-16,-1.0));
#3325=CARTESIAN_POINT('',(7.86,0.0,0.0));
#3326=DIRECTION('',(1.0,0.0,0.0));
#3327=DIRECTION('',(0.0,1.0,0.0));
#3328=CARTESIAN_POINT('',(7.86,0.0,0.0));
#3329=DIRECTION('',(1.0,0.0,0.0));
#3330=DIRECTION('',(0.0,1.0,0.0));
#3331=CARTESIAN_POINT('',(7.58,1.29808273505172E-15,10.6));
#3332=DIRECTION('',(0.0,-1.0,1.22460635382238E-16));
#3333=DIRECTION('',(0.0,1.22460635382238E-16,1.0));
#3334=CARTESIAN_POINT('',(0.419999999999999,0.0,0.0));
#3335=DIRECTION('',(1.0,0.0,-0.0));
#3336=DIRECTION('',(0.0,0.0,1.0));
#3337=CARTESIAN_POINT('',(0.419999999999999,-1.29808273505172E-15,-10.6));
#3338=DIRECTION('',(0.0,-1.0,1.22460635382238E-16));
#3339=DIRECTION('',(0.0,-1.22460635382238E-16,-1.0));
#3340=CARTESIAN_POINT('',(0.695746170843417,0.0,0.0));
#3341=DIRECTION('',(1.0,0.0,0.0));
#3342=DIRECTION('',(0.0,1.0,0.0));
#3343=CARTESIAN_POINT('',(0.695746170843417,0.0,0.0));
#3344=DIRECTION('',(1.0,0.0,0.0));
#3345=DIRECTION('',(0.0,1.0,0.0));
#3346=CARTESIAN_POINT('',(0.419999999999999,1.29808273505172E-15,10.6));
#3347=DIRECTION('',(0.0,-1.0,1.22460635382238E-16));
#3348=DIRECTION('',(0.0,1.22460635382238E-16,1.0));
#3349=CARTESIAN_POINT('',(4.0,0.0,0.0));
#3350=DIRECTION('',(1.0,0.0,-0.0));
#3351=DIRECTION('',(0.0,0.0,1.0));
#3352=CARTESIAN_POINT('',(4.0,-1.04091540074902E-15,-8.5));
#3353=DIRECTION('',(0.0,-1.0,1.22460635382238E-16));
#3354=DIRECTION('',(0.0,-1.22460635382238E-16,-1.0));
#3355=CARTESIAN_POINT('',(5.4064992890151,0.0,0.0));
#3356=DIRECTION('',(1.0,0.0,0.0));
#3357=DIRECTION('',(0.0,1.0,0.0));
#3358=CARTESIAN_POINT('',(5.4064992890151,0.0,0.0));
#3359=DIRECTION('',(1.0,0.0,0.0));
#3360=DIRECTION('',(0.0,1.0,0.0));
#3361=CARTESIAN_POINT('',(4.0,1.04091540074902E-15,8.5));
#3362=DIRECTION('',(0.0,-1.0,1.22460635382238E-16));
#3363=DIRECTION('',(0.0,1.22460635382238E-16,1.0));
#3364=CARTESIAN_POINT('',(4.0,0.0,0.0));
#3365=DIRECTION('',(1.0,0.0,-0.0));
#3366=DIRECTION('',(0.0,0.0,1.0));
#3367=CARTESIAN_POINT('',(5.4064992890151,0.0,0.0));
#3368=DIRECTION('',(1.0,0.0,0.0));
#3369=DIRECTION('',(0.0,1.0,0.0));
#3370=CARTESIAN_POINT('',(5.4064992890151,0.0,0.0));
#3371=DIRECTION('',(1.0,0.0,0.0));
#3372=DIRECTION('',(0.0,1.0,0.0));
#3373=CARTESIAN_POINT('',(0.419999999999999,0.0,0.0));
#3374=DIRECTION('',(1.0,0.0,-0.0));
#3375=DIRECTION('',(0.0,0.0,1.0));
#3376=CARTESIAN_POINT('',(0.695746170843417,0.0,0.0));
#3377=DIRECTION('',(1.0,0.0,0.0));
#3378=DIRECTION('',(0.0,1.0,0.0));
#3379=CARTESIAN_POINT('',(0.695746170843417,0.0,0.0));
#3380=DIRECTION('',(1.0,0.0,0.0));
#3381=DIRECTION('',(0.0,1.0,0.0));
#3382=CARTESIAN_POINT('',(7.58,0.0,0.0));
#3383=DIRECTION('',(1.0,0.0,-0.0));
#3384=DIRECTION('',(0.0,0.0,1.0));
#3385=CARTESIAN_POINT('',(7.86,0.0,0.0));
#3386=DIRECTION('',(1.0,0.0,0.0));
#3387=DIRECTION('',(0.0,1.0,0.0));
#3388=CARTESIAN_POINT('',(7.86,0.0,0.0));
#3389=DIRECTION('',(1.0,0.0,0.0));
#3390=DIRECTION('',(0.0,1.0,0.0));
#3391=CARTESIAN_POINT('',(7.58,-1.29808273505172E-15,-10.6));
#3392=DIRECTION('',(0.0,-1.0,1.22460635382238E-16));
#3393=DIRECTION('',(0.0,-1.22460635382238E-16,-1.0));
#3394=CARTESIAN_POINT('',(7.30425382915658,0.0,0.0));
#3395=DIRECTION('',(1.0,0.0,0.0));
#3396=DIRECTION('',(0.0,1.0,0.0));
#3397=CARTESIAN_POINT('',(7.30425382915658,0.0,0.0));
#3398=DIRECTION('',(1.0,0.0,0.0));
#3399=DIRECTION('',(0.0,1.0,0.0));
#3400=CARTESIAN_POINT('',(7.58,1.29808273505172E-15,10.6));
#3401=DIRECTION('',(0.0,-1.0,1.22460635382238E-16));
#3402=DIRECTION('',(0.0,1.22460635382238E-16,1.0));
#3403=DIRECTION('',(1.0,-0.0,0.0));
#3404=DIRECTION('',(-1.0,-0.0,0.0));
#3405=CARTESIAN_POINT('',(8.0,0.0,0.0));
#3406=DIRECTION('',(1.0,0.0,0.0));
#3407=DIRECTION('',(0.0,1.0,0.0));
#3408=CARTESIAN_POINT('',(7.7,-1.43278943397218E-15,-11.7));
#3409=DIRECTION('',(0.0,-1.0,1.22460635382238E-16));
#3410=DIRECTION('',(0.0,-1.22460635382238E-16,-1.0));
#3411=CARTESIAN_POINT('',(7.7,0.0,0.0));
#3412=DIRECTION('',(1.0,0.0,0.0));
#3413=DIRECTION('',(0.0,1.0,0.0));
#3414=CARTESIAN_POINT('',(7.7,0.0,0.0));
#3415=DIRECTION('',(1.0,0.0,0.0));
#3416=DIRECTION('',(0.0,1.0,0.0));
#3417=CARTESIAN_POINT('',(7.7,1.43278943397218E-15,11.7));
#3418=DIRECTION('',(0.0,-1.0,1.22460635382238E-16));
#3419=DIRECTION('',(0.0,1.22460635382238E-16,1.0));
#3420=CARTESIAN_POINT('',(8.0,0.0,0.0));
#3421=DIRECTION('',(1.0,0.0,0.0));
#3422=DIRECTION('',(0.0,1.0,0.0));
#3423=DIRECTION('',(1.0,0.0,0.0));
#3424=CARTESIAN_POINT('',(0.3,0.0,0.0));
#3425=DIRECTION('',(1.0,0.0,0.0));
#3426=DIRECTION('',(0.0,1.0,0.0));
#3427=CARTESIAN_POINT('',(0.3,0.0,0.0));
#3428=DIRECTION('',(1.0,0.0,0.0));
#3429=DIRECTION('',(0.0,1.0,0.0));
#3430=DIRECTION('',(-1.0,-0.0,-0.0));
#3431=CARTESIAN_POINT('',(7.7,0.0,0.0));
#3432=DIRECTION('',(1.0,0.0,0.0));
#3433=DIRECTION('',(0.0,1.0,0.0));
#3434=CARTESIAN_POINT('',(0.3,-1.43278943397218E-15,-11.7));
#3435=DIRECTION('',(0.0,-1.0,1.22460635382238E-16));
#3436=DIRECTION('',(0.0,-1.22460635382238E-16,-1.0));
#3437=CARTESIAN_POINT('',(0.0,0.0,0.0));
#3438=DIRECTION('',(1.0,0.0,0.0));
#3439=DIRECTION('',(0.0,1.0,0.0));
#3440=CARTESIAN_POINT('',(0.3,1.43278943397218E-15,11.7));
#3441=DIRECTION('',(0.0,-1.0,1.22460635382238E-16));
#3442=DIRECTION('',(0.0,1.22460635382238E-16,1.0));
#3443=CARTESIAN_POINT('',(0.3,0.0,0.0));
#3444=DIRECTION('',(1.0,0.0,0.0));
#3445=DIRECTION('',(0.0,1.0,0.0));
#3446=DIRECTION('',(1.0,-0.0,0.0));
#3447=CARTESIAN_POINT('',(0.0,0.0,0.0));
#3448=DIRECTION('',(1.0,0.0,0.0));
#3449=DIRECTION('',(0.0,1.0,0.0));
#3450=DIRECTION('',(-1.0,-0.0,0.0));
#3451=CARTESIAN_POINT('',(0.14,0.0,0.0));
#3452=DIRECTION('',(1.0,0.0,0.0));
#3453=DIRECTION('',(0.0,1.0,0.0));
#3454=CARTESIAN_POINT('',(0.14,0.0,0.0));
#3455=DIRECTION('',(1.0,0.0,0.0));
#3456=DIRECTION('',(0.0,1.0,0.0));
#3457=CARTESIAN_POINT('',(0.419999999999999,-1.29808273505172E-15,-10.6));
#3458=DIRECTION('',(0.0,-1.0,1.22460635382238E-16));
#3459=DIRECTION('',(0.0,-1.22460635382238E-16,-1.0));
#3460=CARTESIAN_POINT('',(0.14,0.0,0.0));
#3461=DIRECTION('',(1.0,0.0,0.0));
#3462=DIRECTION('',(0.0,1.0,0.0));
#3463=CARTESIAN_POINT('',(0.419999999999999,1.29808273505172E-15,10.6));
#3464=DIRECTION('',(0.0,-1.0,1.22460635382238E-16));
#3465=DIRECTION('',(0.0,1.22460635382238E-16,1.0));
#3466=DIRECTION('',(0.173648177666931,-0.984807753012208,1.20600183163229E-16));
#3467=DIRECTION('',(-0.173648177666931,-0.984807753012208,1.20600183163229E-16));
#3468=CARTESIAN_POINT('',(0.827748337823933,0.0,0.0));
#3469=DIRECTION('',(1.0,0.0,0.0));
#3470=DIRECTION('',(0.0,1.0,0.0));
#3471=DIRECTION('',(1.0,-0.0,0.0));
#3472=DIRECTION('',(-1.0,-0.0,0.0));
#3473=CARTESIAN_POINT('',(2.5935007109849,0.0,0.0));
#3474=DIRECTION('',(1.0,0.0,0.0));
#3475=DIRECTION('',(0.0,1.0,0.0));
#3476=CARTESIAN_POINT('',(2.5935007109849,0.0,0.0));
#3477=DIRECTION('',(1.0,0.0,0.0));
#3478=DIRECTION('',(0.0,1.0,0.0));
#3479=CARTESIAN_POINT('',(4.0,-1.04091540074902E-15,-8.5));
#3480=DIRECTION('',(0.0,-1.0,1.22460635382238E-16));
#3481=DIRECTION('',(0.0,-1.22460635382238E-16,-1.0));
#3482=CARTESIAN_POINT('',(2.5935007109849,0.0,0.0));
#3483=DIRECTION('',(1.0,0.0,0.0));
#3484=DIRECTION('',(0.0,1.0,0.0));
#3485=CARTESIAN_POINT('',(4.0,1.04091540074902E-15,8.5));
#3486=DIRECTION('',(0.0,-1.0,1.22460635382238E-16));
#3487=DIRECTION('',(0.0,1.22460635382238E-16,1.0));
#3488=DIRECTION('',(1.0,-0.0,0.0));
#3489=DIRECTION('',(-1.0,-0.0,0.0));
#3490=CARTESIAN_POINT('',(7.17225166217607,0.0,0.0));
#3491=DIRECTION('',(1.0,0.0,0.0));
#3492=DIRECTION('',(0.0,1.0,0.0));
#3493=DIRECTION('',(0.173648177666931,0.984807753012208,-1.20600183163229E-16));
#3494=DIRECTION('',(-0.173648177666931,0.984807753012208,-1.20600183163229E-16));
#3495=CARTESIAN_POINT('',(7.30425382915658,0.0,0.0));
#3496=DIRECTION('',(1.0,0.0,0.0));
#3497=DIRECTION('',(0.0,1.0,0.0));
#3498=CARTESIAN_POINT('',(7.30425382915658,0.0,0.0));
#3499=DIRECTION('',(1.0,0.0,0.0));
#3500=DIRECTION('',(0.0,1.0,0.0));
#3501=CARTESIAN_POINT('',(7.17225166217607,0.0,0.0));
#3502=DIRECTION('',(1.0,0.0,0.0));
#3503=DIRECTION('',(0.0,1.0,0.0));
#3504=CARTESIAN_POINT('',(2.5935007109849,0.0,0.0));
#3505=DIRECTION('',(1.0,0.0,0.0));
#3506=DIRECTION('',(0.0,1.0,0.0));
#3507=CARTESIAN_POINT('',(0.827748337823933,0.0,0.0));
#3508=DIRECTION('',(1.0,0.0,0.0));
#3509=DIRECTION('',(0.0,1.0,0.0));
#3510=CARTESIAN_POINT('',(0.14,0.0,0.0));
#3511=DIRECTION('',(1.0,0.0,0.0));
#3512=DIRECTION('',(0.0,1.0,0.0));
#3513=CARTESIAN_POINT('',(0.0,0.0,0.0));
#3514=DIRECTION('',(1.0,0.0,0.0));
#3515=DIRECTION('',(0.0,1.0,0.0));
#3516=CARTESIAN_POINT('',(0.0,0.0,0.0));
#3517=DIRECTION('',(1.0,0.0,0.0));
#3518=DIRECTION('',(0.0,1.0,0.0));
#3519=CARTESIAN_POINT('',(0.3,0.0,0.0));
#3520=DIRECTION('',(1.0,0.0,0.0));
#3521=DIRECTION('',(0.0,1.0,0.0));
#3522=CARTESIAN_POINT('',(7.7,0.0,0.0));
#3523=DIRECTION('',(1.0,0.0,0.0));
#3524=DIRECTION('',(0.0,1.0,0.0));
#3525=CARTESIAN_POINT('',(8.0,0.0,0.0));
#3526=DIRECTION('',(1.0,0.0,0.0));
#3527=DIRECTION('',(0.0,1.0,0.0));
#3528=CARTESIAN_POINT('',(8.0,0.0,0.0));
#3529=DIRECTION('',(1.0,0.0,0.0));
#3530=DIRECTION('',(0.0,1.0,0.0));
#3531=CARTESIAN_POINT('',(4.0,0.0,0.0));
#3532=DIRECTION('',(-1.0,0.0,0.0));
#3533=DIRECTION('',(0.0,0.0,1.0));
#3534=CARTESIAN_POINT('',(4.0,1.04091540074902E-15,8.5));
#3535=DIRECTION('',(0.0,-1.0,1.22460635382238E-16));
#3536=DIRECTION('',(0.0,1.22460635382238E-16,1.0));
#3537=CARTESIAN_POINT('',(5.520728526069,0.0,0.0));
#3538=DIRECTION('',(1.0,0.0,0.0));
#3539=DIRECTION('',(0.0,1.0,0.0));
#3540=CARTESIAN_POINT('',(5.520728526069,0.0,0.0));
#3541=DIRECTION('',(1.0,0.0,0.0));
#3542=DIRECTION('',(0.0,1.0,0.0));
#3543=CARTESIAN_POINT('',(4.0,-1.04091540074902E-15,-8.5));
#3544=DIRECTION('',(0.0,-1.0,1.22460635382238E-16));
#3545=DIRECTION('',(0.0,-1.22460635382238E-16,-1.0));
#3546=CARTESIAN_POINT('',(4.0,0.0,0.0));
#3547=DIRECTION('',(-1.0,0.0,0.0));
#3548=DIRECTION('',(0.0,0.0,1.0));
#3549=CARTESIAN_POINT('',(5.520728526069,0.0,0.0));
#3550=DIRECTION('',(1.0,0.0,0.0));
#3551=DIRECTION('',(0.0,1.0,0.0));
#3552=CARTESIAN_POINT('',(5.520728526069,0.0,0.0));
#3553=DIRECTION('',(1.0,0.0,0.0));
#3554=DIRECTION('',(0.0,1.0,0.0));
#3555=DIRECTION('',(1.0,0.0,0.0));
#3556=DIRECTION('',(-1.0,-0.0,-0.0));
#3557=CARTESIAN_POINT('',(8.0,0.0,0.0));
#3558=DIRECTION('',(1.0,0.0,0.0));
#3559=DIRECTION('',(0.0,1.0,0.0));
#3560=CARTESIAN_POINT('',(4.0,1.04091540074902E-15,8.5));
#3561=DIRECTION('',(0.0,-1.0,1.22460635382238E-16));
#3562=DIRECTION('',(0.0,1.22460635382238E-16,1.0));
#3563=CARTESIAN_POINT('',(2.479271473931,0.0,0.0));
#3564=DIRECTION('',(1.0,0.0,0.0));
#3565=DIRECTION('',(0.0,1.0,0.0));
#3566=CARTESIAN_POINT('',(2.479271473931,0.0,0.0));
#3567=DIRECTION('',(1.0,0.0,0.0));
#3568=DIRECTION('',(0.0,1.0,0.0));
#3569=CARTESIAN_POINT('',(4.0,-1.04091540074902E-15,-8.5));
#3570=DIRECTION('',(0.0,-1.0,1.22460635382238E-16));
#3571=DIRECTION('',(0.0,-1.22460635382238E-16,-1.0));
#3572=DIRECTION('',(1.0,0.0,0.0));
#3573=CARTESIAN_POINT('',(0.0,0.0,0.0));
#3574=DIRECTION('',(1.0,0.0,0.0));
#3575=DIRECTION('',(0.0,1.0,0.0));
#3576=DIRECTION('',(-1.0,-0.0,-0.0));
#3577=CARTESIAN_POINT('',(2.479271473931,0.0,0.0));
#3578=DIRECTION('',(1.0,0.0,0.0));
#3579=DIRECTION('',(0.0,1.0,0.0));
#3580=CARTESIAN_POINT('',(0.3,-5.26580732143622E-16,-4.3));
#3581=DIRECTION('',(0.0,-1.0,1.22460635382238E-16));
#3582=DIRECTION('',(0.0,-1.22460635382238E-16,-1.0));
#3583=CARTESIAN_POINT('',(0.3,0.0,0.0));
#3584=DIRECTION('',(1.0,0.0,0.0));
#3585=DIRECTION('',(0.0,1.0,0.0));
#3586=CARTESIAN_POINT('',(0.3,0.0,0.0));
#3587=DIRECTION('',(1.0,0.0,0.0));
#3588=DIRECTION('',(0.0,1.0,0.0));
#3589=CARTESIAN_POINT('',(0.3,5.26580732143622E-16,4.3));
#3590=DIRECTION('',(0.0,-1.0,1.22460635382238E-16));
#3591=DIRECTION('',(0.0,1.22460635382238E-16,1.0));
#3592=CARTESIAN_POINT('',(0.0,0.0,0.0));
#3593=DIRECTION('',(1.0,0.0,0.0));
#3594=DIRECTION('',(0.0,1.0,0.0));
#3595=DIRECTION('',(1.0,-0.0,0.0));
#3596=CARTESIAN_POINT('',(0.3,0.0,0.0));
#3597=DIRECTION('',(1.0,0.0,0.0));
#3598=DIRECTION('',(0.0,1.0,0.0));
#3599=DIRECTION('',(-1.0,-0.0,0.0));
#3600=CARTESIAN_POINT('',(7.7,0.0,0.0));
#3601=DIRECTION('',(1.0,0.0,0.0));
#3602=DIRECTION('',(0.0,1.0,0.0));
#3603=CARTESIAN_POINT('',(7.7,0.0,0.0));
#3604=DIRECTION('',(1.0,0.0,0.0));
#3605=DIRECTION('',(0.0,1.0,0.0));
#3606=CARTESIAN_POINT('',(7.7,-5.26580732143622E-16,-4.3));
#3607=DIRECTION('',(0.0,-1.0,1.22460635382238E-16));
#3608=DIRECTION('',(0.0,-1.22460635382238E-16,-1.0));
#3609=CARTESIAN_POINT('',(8.0,0.0,0.0));
#3610=DIRECTION('',(1.0,0.0,0.0));
#3611=DIRECTION('',(0.0,1.0,0.0));
#3612=CARTESIAN_POINT('',(7.7,5.26580732143622E-16,4.3));
#3613=DIRECTION('',(0.0,-1.0,1.22460635382238E-16));
#3614=DIRECTION('',(0.0,1.22460635382238E-16,1.0));
#3615=CARTESIAN_POINT('',(7.7,0.0,0.0));
#3616=DIRECTION('',(1.0,0.0,0.0));
#3617=DIRECTION('',(0.0,1.0,0.0));
#3618=CARTESIAN_POINT('',(8.0,0.0,0.0));
#3619=DIRECTION('',(1.0,0.0,0.0));
#3620=DIRECTION('',(0.0,1.0,0.0));
#3621=CARTESIAN_POINT('',(8.0,0.0,0.0));
#3622=DIRECTION('',(1.0,0.0,0.0));
#3623=DIRECTION('',(0.0,1.0,0.0));
#3624=CARTESIAN_POINT('',(7.7,0.0,0.0));
#3625=DIRECTION('',(1.0,0.0,0.0));
#3626=DIRECTION('',(0.0,1.0,0.0));
#3627=CARTESIAN_POINT('',(0.3,0.0,0.0));
#3628=DIRECTION('',(1.0,0.0,0.0));
#3629=DIRECTION('',(0.0,1.0,0.0));
#3630=CARTESIAN_POINT('',(0.0,0.0,0.0));
#3631=DIRECTION('',(1.0,0.0,0.0));
#3632=DIRECTION('',(0.0,1.0,0.0));
#3633=CARTESIAN_POINT('',(0.0,0.0,0.0));
#3634=DIRECTION('',(1.0,0.0,0.0));
#3635=DIRECTION('',(0.0,1.0,0.0));
#3636=CARTESIAN_POINT('',(2.479271473931,0.0,0.0));
#3637=DIRECTION('',(1.0,0.0,0.0));
#3638=DIRECTION('',(0.0,1.0,0.0));
#3639=DIRECTION('',(0.70710678118655,-0.707106781186545,8.65927457071932E-17));
#3640=CARTESIAN_POINT('',(7.17844627563315,0.0,0.0));
#3641=DIRECTION('',(1.0,0.0,0.0));
#3642=DIRECTION('',(0.0,1.0,0.0));
#3643=DIRECTION('',(-0.70710678118655,-0.707106781186545,8.65927457071933E-17));
#3644=CARTESIAN_POINT('',(7.59844627563315,0.0,0.0));
#3645=DIRECTION('',(1.0,0.0,0.0));
#3646=DIRECTION('',(0.0,1.0,0.0));
#3647=DIRECTION('',(1.0,0.0,0.0));
#3648=CARTESIAN_POINT('',(7.17844627563315,0.0,0.0));
#3649=DIRECTION('',(1.0,0.0,0.0));
#3650=DIRECTION('',(0.0,1.0,0.0));
#3651=DIRECTION('',(-1.0,-0.0,-0.0));
#3652=CARTESIAN_POINT('',(7.59844627563315,0.0,0.0));
#3653=DIRECTION('',(1.0,0.0,0.0));
#3654=DIRECTION('',(0.0,1.0,0.0));
#3655=DIRECTION('',(1.0,-0.0,0.0));
#3656=CARTESIAN_POINT('',(7.17844627563315,0.0,0.0));
#3657=DIRECTION('',(1.0,0.0,0.0));
#3658=DIRECTION('',(0.0,1.0,0.0));
#3659=DIRECTION('',(-1.0,-0.0,0.0));
#3660=CARTESIAN_POINT('',(7.80844627563315,0.0,0.0));
#3661=DIRECTION('',(1.0,0.0,0.0));
#3662=DIRECTION('',(0.0,1.0,0.0));
#3663=DIRECTION('',(0.707106781186548,-0.707106781186547,8.65927457071934E-17));
#3664=CARTESIAN_POINT('',(7.38844627563315,0.0,0.0));
#3665=DIRECTION('',(1.0,0.0,0.0));
#3666=DIRECTION('',(0.0,1.0,0.0));
#3667=DIRECTION('',(-0.707106781186548,-0.707106781186547,8.65927457071934E-17));
#3668=CARTESIAN_POINT('',(7.80844627563315,0.0,0.0));
#3669=DIRECTION('',(1.0,0.0,0.0));
#3670=DIRECTION('',(0.0,1.0,0.0));
#3671=DIRECTION('',(0.17364817766693,0.984807753012208,-1.20600183163229E-16));
#3672=CARTESIAN_POINT('',(7.38844627563315,0.0,0.0));
#3673=DIRECTION('',(1.0,0.0,0.0));
#3674=DIRECTION('',(0.0,1.0,0.0));
#3675=DIRECTION('',(-0.17364817766693,0.984807753012208,-1.20600183163229E-16));
#3676=CARTESIAN_POINT('',(7.56448630522345,0.0,0.0));
#3677=DIRECTION('',(1.0,0.0,0.0));
#3678=DIRECTION('',(0.0,1.0,0.0));
#3679=DIRECTION('',(1.0,0.0,0.0));
#3680=CARTESIAN_POINT('',(7.35124671672745,0.0,0.0));
#3681=DIRECTION('',(1.0,0.0,0.0));
#3682=DIRECTION('',(0.0,1.0,0.0));
#3683=DIRECTION('',(-1.0,-0.0,-0.0));
#3684=CARTESIAN_POINT('',(7.56448630522345,0.0,0.0));
#3685=DIRECTION('',(1.0,0.0,0.0));
#3686=DIRECTION('',(0.0,1.0,0.0));
#3687=DIRECTION('',(0.17364817766693,0.984807753012208,-1.20600183163229E-16));
#3688=CARTESIAN_POINT('',(7.17844627563315,0.0,0.0));
#3689=DIRECTION('',(1.0,0.0,0.0));
#3690=DIRECTION('',(0.0,1.0,0.0));
#3691=DIRECTION('',(-0.17364817766693,0.984807753012208,-1.20600183163229E-16));
#3692=CARTESIAN_POINT('',(7.35124671672745,0.0,0.0));
#3693=DIRECTION('',(1.0,0.0,0.0));
#3694=DIRECTION('',(0.0,1.0,0.0));
#3695=CARTESIAN_POINT('',(7.17844627563315,0.0,0.0));
#3696=DIRECTION('',(1.0,0.0,0.0));
#3697=DIRECTION('',(0.0,1.0,0.0));
#3698=CARTESIAN_POINT('',(7.38844627563315,0.0,0.0));
#3699=DIRECTION('',(1.0,0.0,0.0));
#3700=DIRECTION('',(0.0,1.0,0.0));
#3701=CARTESIAN_POINT('',(7.38844627563315,0.0,0.0));
#3702=DIRECTION('',(1.0,0.0,0.0));
#3703=DIRECTION('',(0.0,1.0,0.0));
#3704=CARTESIAN_POINT('',(7.80844627563315,0.0,0.0));
#3705=DIRECTION('',(1.0,0.0,0.0));
#3706=DIRECTION('',(0.0,1.0,0.0));
#3707=CARTESIAN_POINT('',(7.80844627563315,0.0,0.0));
#3708=DIRECTION('',(1.0,0.0,0.0));
#3709=DIRECTION('',(0.0,1.0,0.0));
#3710=CARTESIAN_POINT('',(7.17844627563315,0.0,0.0));
#3711=DIRECTION('',(1.0,0.0,0.0));
#3712=DIRECTION('',(0.0,1.0,0.0));
#3713=CARTESIAN_POINT('',(7.17844627563315,0.0,0.0));
#3714=DIRECTION('',(1.0,0.0,0.0));
#3715=DIRECTION('',(0.0,1.0,0.0));
#3716=CARTESIAN_POINT('',(7.59844627563315,0.0,0.0));
#3717=DIRECTION('',(1.0,0.0,0.0));
#3718=DIRECTION('',(0.0,1.0,0.0));
#3719=CARTESIAN_POINT('',(7.59844627563315,0.0,0.0));
#3720=DIRECTION('',(1.0,0.0,0.0));
#3721=DIRECTION('',(0.0,1.0,0.0));
#3722=CARTESIAN_POINT('',(7.17844627563315,0.0,0.0));
#3723=DIRECTION('',(1.0,0.0,0.0));
#3724=DIRECTION('',(0.0,1.0,0.0));
#3725=DIRECTION('',(-0.70710678118655,-0.707106781186545,-1.73185491414387E-16));
#3726=CARTESIAN_POINT('',(0.821553724366851,0.0,-3.89234550442343E-16));
#3727=DIRECTION('',(-1.0,0.0,-1.22460635382238E-16));
#3728=DIRECTION('',(0.0,1.0,0.0));
#3729=DIRECTION('',(0.70710678118655,-0.707106781186545,5.6192603527246E-31));
#3730=CARTESIAN_POINT('',(0.401553724366852,0.0,-4.40668017302882E-16));
#3731=DIRECTION('',(-1.0,0.0,-1.22460635382238E-16));
#3732=DIRECTION('',(0.0,1.0,0.0));
#3733=DIRECTION('',(-1.0,0.0,-1.22460635382238E-16));
#3734=CARTESIAN_POINT('',(0.821553724366851,0.0,-3.89234550442343E-16));
#3735=DIRECTION('',(-1.0,0.0,-1.22460635382238E-16));
#3736=DIRECTION('',(0.0,1.0,0.0));
#3737=DIRECTION('',(1.0,-0.0,1.22460635382238E-16));
#3738=CARTESIAN_POINT('',(0.401553724366851,0.0,-4.40668017302882E-16));
#3739=DIRECTION('',(-1.0,0.0,-1.22460635382238E-16));
#3740=DIRECTION('',(0.0,1.0,0.0));
#3741=DIRECTION('',(-1.0,-0.0,-1.22460635382238E-16));
#3742=CARTESIAN_POINT('',(0.821553724366851,0.0,-3.89234550442343E-16));
#3743=DIRECTION('',(-1.0,0.0,-1.22460635382238E-16));
#3744=DIRECTION('',(0.0,1.0,0.0));
#3745=DIRECTION('',(1.0,-0.0,1.22460635382238E-16));
#3746=CARTESIAN_POINT('',(0.191553724366852,0.0,-4.66384750733152E-16));
#3747=DIRECTION('',(-1.0,0.0,-1.22460635382238E-16));
#3748=DIRECTION('',(0.0,1.0,0.0));
#3749=DIRECTION('',(-0.707106781186549,-0.707106781186547,-1.73185491414387E-16));
#3750=CARTESIAN_POINT('',(0.611553724366851,0.0,-4.14951283872612E-16));
#3751=DIRECTION('',(-1.0,0.0,-1.22460635382238E-16));
#3752=DIRECTION('',(0.0,1.0,0.0));
#3753=DIRECTION('',(0.707106781186549,-0.707106781186547,1.95916304340111E-31));
#3754=CARTESIAN_POINT('',(0.191553724366852,0.0,-4.66384750733152E-16));
#3755=DIRECTION('',(-1.0,0.0,-1.22460635382238E-16));
#3756=DIRECTION('',(0.0,1.0,0.0));
#3757=DIRECTION('',(-0.17364817766693,0.984807753012208,9.93351169931689E-17));
#3758=CARTESIAN_POINT('',(0.611553724366851,0.0,-4.14951283872612E-16));
#3759=DIRECTION('',(-1.0,0.0,-1.22460635382238E-16));
#3760=DIRECTION('',(0.0,1.0,0.0));
#3761=DIRECTION('',(0.17364817766693,0.984807753012208,1.41865249333289E-16));
#3762=CARTESIAN_POINT('',(0.435513694776549,0.0,-4.36509257748949E-16));
#3763=DIRECTION('',(-1.0,0.0,-1.22460635382238E-16));
#3764=DIRECTION('',(0.0,1.0,0.0));
#3765=DIRECTION('',(-1.0,0.0,-1.22460635382238E-16));
#3766=CARTESIAN_POINT('',(0.648753283272555,0.0,-4.10395802253081E-16));
#3767=DIRECTION('',(-1.0,0.0,-1.22460635382238E-16));
#3768=DIRECTION('',(0.0,1.0,0.0));
#3769=DIRECTION('',(1.0,-0.0,1.22460635382238E-16));
#3770=CARTESIAN_POINT('',(0.435513694776549,0.0,-4.36509257748949E-16));
#3771=DIRECTION('',(-1.0,0.0,-1.22460635382238E-16));
#3772=DIRECTION('',(0.0,1.0,0.0));
#3773=DIRECTION('',(-0.17364817766693,0.984807753012208,9.93351169931688E-17));
#3774=CARTESIAN_POINT('',(0.821553724366851,0.0,-3.89234550442343E-16));
#3775=DIRECTION('',(-1.0,0.0,-1.22460635382238E-16));
#3776=DIRECTION('',(0.0,1.0,0.0));
#3777=DIRECTION('',(0.17364817766693,0.984807753012208,1.41865249333289E-16));
#3778=CARTESIAN_POINT('',(0.648753283272555,0.0,-4.10395802253081E-16));
#3779=DIRECTION('',(-1.0,0.0,-1.22460635382238E-16));
#3780=DIRECTION('',(0.0,1.0,0.0));
#3781=CARTESIAN_POINT('',(0.821553724366851,0.0,-3.89234550442343E-16));
#3782=DIRECTION('',(-1.0,0.0,-1.22460635382238E-16));
#3783=DIRECTION('',(0.0,1.0,0.0));
#3784=CARTESIAN_POINT('',(0.611553724366851,0.0,-4.14951283872612E-16));
#3785=DIRECTION('',(-1.0,0.0,-1.22460635382238E-16));
#3786=DIRECTION('',(0.0,1.0,0.0));
#3787=CARTESIAN_POINT('',(0.611553724366851,0.0,-4.14951283872612E-16));
#3788=DIRECTION('',(-1.0,0.0,-1.22460635382238E-16));
#3789=DIRECTION('',(0.0,1.0,0.0));
#3790=CARTESIAN_POINT('',(0.191553724366852,0.0,-4.66384750733152E-16));
#3791=DIRECTION('',(-1.0,0.0,-1.22460635382238E-16));
#3792=DIRECTION('',(0.0,1.0,0.0));
#3793=CARTESIAN_POINT('',(0.191553724366852,0.0,-4.66384750733152E-16));
#3794=DIRECTION('',(-1.0,0.0,-1.22460635382238E-16));
#3795=DIRECTION('',(0.0,1.0,0.0));
#3796=CARTESIAN_POINT('',(0.821553724366851,0.0,-3.89234550442343E-16));
#3797=DIRECTION('',(-1.0,0.0,-1.22460635382238E-16));
#3798=DIRECTION('',(0.0,1.0,0.0));
#3799=CARTESIAN_POINT('',(0.821553724366851,0.0,-3.89234550442343E-16));
#3800=DIRECTION('',(-1.0,0.0,-1.22460635382238E-16));
#3801=DIRECTION('',(0.0,1.0,0.0));
#3802=CARTESIAN_POINT('',(0.401553724366851,0.0,-4.40668017302882E-16));
#3803=DIRECTION('',(-1.0,0.0,-1.22460635382238E-16));
#3804=DIRECTION('',(0.0,1.0,0.0));
#3805=CARTESIAN_POINT('',(0.401553724366852,0.0,-4.40668017302882E-16));
#3806=DIRECTION('',(-1.0,0.0,-1.22460635382238E-16));
#3807=DIRECTION('',(0.0,1.0,0.0));
#3808=CARTESIAN_POINT('',(0.821553724366851,0.0,-3.89234550442343E-16));
#3809=DIRECTION('',(-1.0,0.0,-1.22460635382238E-16));
#3810=DIRECTION('',(0.0,1.0,0.0));
#3811=CARTESIAN_POINT('',(4.0,0.0,1.20515220064212E-32));
#3812=DIRECTION('',(1.0,0.0,6.12303176911189E-17));
#3813=DIRECTION('',(6.12303176911189E-17,0.0,-1.0));
#3814=CARTESIAN_POINT('',(4.0,0.0,1.20515220064212E-32));
#3815=DIRECTION('',(-1.0,-0.0,-6.12303176911189E-17));
#3816=DIRECTION('',(6.12303176911189E-17,0.0,-1.0));
#3817=CARTESIAN_POINT('',(4.0,0.0,1.8842364214382E-33));
#3818=DIRECTION('',(1.0,0.0,6.12303176911189E-17));
#3819=DIRECTION('',(6.12303176911189E-17,0.0,-1.0));
#3820=CARTESIAN_POINT('',(4.0,0.0,1.8842364214382E-33));
#3821=DIRECTION('',(-1.0,-0.0,-6.12303176911189E-17));
#3822=DIRECTION('',(6.12303176911189E-17,0.0,-1.0));
#3823=CARTESIAN_POINT('',(4.0,0.0,1.20515218599287E-32));
#3824=DIRECTION('',(1.0,0.0,6.12303176911189E-17));
#3825=DIRECTION('',(6.12303176911189E-17,0.0,-1.0));
#3826=CARTESIAN_POINT('',(4.0,0.0,1.20515218599287E-32));
#3827=DIRECTION('',(-1.0,-0.0,-6.12303176911189E-17));
#3828=DIRECTION('',(6.12303176911189E-17,0.0,-1.0));
#3829=CARTESIAN_POINT('',(4.0,0.0,-1.20515218599287E-32));
#3830=DIRECTION('',(1.0,0.0,6.12303176911189E-17));
#3831=DIRECTION('',(6.12303176911189E-17,0.0,-1.0));
#3832=CARTESIAN_POINT('',(4.0,0.0,-1.20515218599287E-32));
#3833=DIRECTION('',(-1.0,-0.0,-6.12303176911189E-17));
#3834=DIRECTION('',(6.12303176911189E-17,0.0,-1.0));
#3835=CARTESIAN_POINT('',(4.0,0.0,2.53074869808791E-32));
#3836=DIRECTION('',(1.0,0.0,6.12303176911189E-17));
#3837=DIRECTION('',(6.12303176911189E-17,0.0,-1.0));
#3838=CARTESIAN_POINT('',(4.0,0.0,2.53074869808791E-32));
#3839=DIRECTION('',(-1.0,-0.0,-6.12303176911189E-17));
#3840=DIRECTION('',(6.12303176911189E-17,0.0,-1.0));
#3841=CARTESIAN_POINT('',(4.0,0.0,2.53074869808791E-32));
#3842=DIRECTION('',(1.0,0.0,6.12303176911189E-17));
#3843=DIRECTION('',(6.12303176911189E-17,0.0,-1.0));
#3844=CARTESIAN_POINT('',(4.0,0.0,2.53074869808791E-32));
#3845=DIRECTION('',(-1.0,-0.0,-6.12303176911189E-17));
#3846=DIRECTION('',(6.12303176911189E-17,0.0,-1.0));
#3847=CARTESIAN_POINT('',(4.0,0.0,-4.34046326017427E-34));
#3848=DIRECTION('',(1.0,0.0,6.12303176911189E-17));
#3849=DIRECTION('',(6.12303176911189E-17,0.0,-1.0));
#3850=CARTESIAN_POINT('',(4.0,0.0,-4.34046326017427E-34));
#3851=DIRECTION('',(-1.0,-0.0,-6.12303176911189E-17));
#3852=DIRECTION('',(6.12303176911189E-17,0.0,-1.0));
#3853=CARTESIAN_POINT('',(4.0,0.0,1.88423634819196E-33));
#3854=DIRECTION('',(1.0,0.0,6.12303176911189E-17));
#3855=DIRECTION('',(6.12303176911189E-17,0.0,-1.0));
#3856=CARTESIAN_POINT('',(4.0,0.0,1.88423634819196E-33));
#3857=DIRECTION('',(-1.0,-0.0,-6.12303176911189E-17));
#3858=DIRECTION('',(6.12303176911189E-17,0.0,-1.0));
#3859=CARTESIAN_POINT('',(4.0,8.5,0.0));
#3860=DIRECTION('',(0.0,-1.0,0.0));
#3861=DIRECTION('',(0.0,0.0,1.0));
#3862=CARTESIAN_POINT('',(4.0,8.5,0.0));
#3863=DIRECTION('',(0.0,-1.0,0.0));
#3864=DIRECTION('',(0.0,0.0,1.0));
#3865=CARTESIAN_POINT('',(4.0,6.01040764008565,6.01040764008565));
#3866=DIRECTION('',(-0.0,-0.707106781186547,-0.707106781186547));
#3867=DIRECTION('',(0.0,-0.707106781186547,0.707106781186547));
#3868=CARTESIAN_POINT('',(4.0,6.01040764008565,6.01040764008565));
#3869=DIRECTION('',(-0.0,-0.707106781186547,-0.707106781186547));
#3870=DIRECTION('',(0.0,-0.707106781186547,0.707106781186547));
#3871=CARTESIAN_POINT('',(4.0,5.2045770037451E-16,8.5));
#3872=DIRECTION('',(-0.0,-6.12303176911189E-17,-1.0));
#3873=DIRECTION('',(0.0,-1.0,6.12303176911189E-17));
#3874=CARTESIAN_POINT('',(4.0,5.2045770037451E-16,8.5));
#3875=DIRECTION('',(-0.0,-6.12303176911189E-17,-1.0));
#3876=DIRECTION('',(0.0,-1.0,6.12303176911189E-17));
#3877=CARTESIAN_POINT('',(4.0,-6.01040764008565,6.01040764008565));
#3878=DIRECTION('',(-0.0,0.707106781186547,-0.707106781186547));
#3879=DIRECTION('',(0.0,-0.707106781186547,-0.707106781186547));
#3880=CARTESIAN_POINT('',(4.0,-6.01040764008565,6.01040764008565));
#3881=DIRECTION('',(-0.0,0.707106781186547,-0.707106781186547));
#3882=DIRECTION('',(0.0,-0.707106781186547,-0.707106781186547));
#3883=CARTESIAN_POINT('',(4.0,-8.5,1.04091540074902E-15));
#3884=DIRECTION('',(-0.0,1.0,-1.22460635382238E-16));
#3885=DIRECTION('',(0.0,-1.22460635382238E-16,-1.0));
#3886=CARTESIAN_POINT('',(4.0,-8.5,1.04091540074902E-15));
#3887=DIRECTION('',(-0.0,1.0,-1.22460635382238E-16));
#3888=DIRECTION('',(0.0,-1.22460635382238E-16,-1.0));
#3889=CARTESIAN_POINT('',(4.0,-6.01040764008566,-6.01040764008565));
#3890=DIRECTION('',(0.0,0.707106781186548,0.707106781186547));
#3891=DIRECTION('',(0.0,0.707106781186547,-0.707106781186548));
#3892=CARTESIAN_POINT('',(4.0,-6.01040764008566,-6.01040764008565));
#3893=DIRECTION('',(0.0,0.707106781186548,0.707106781186547));
#3894=DIRECTION('',(0.0,0.707106781186547,-0.707106781186548));
#3895=CARTESIAN_POINT('',(4.0,-1.56137310112353E-15,-8.5));
#3896=DIRECTION('',(0.0,1.83690953073357E-16,1.0));
#3897=DIRECTION('',(0.0,1.0,-1.83690953073357E-16));
#3898=CARTESIAN_POINT('',(4.0,-1.56137310112353E-15,-8.5));
#3899=DIRECTION('',(0.0,1.83690953073357E-16,1.0));
#3900=DIRECTION('',(0.0,1.0,-1.83690953073357E-16));
#3901=CARTESIAN_POINT('',(4.0,6.01040764008565,-6.01040764008566));
#3902=DIRECTION('',(0.0,-0.707106781186547,0.707106781186548));
#3903=DIRECTION('',(0.0,0.707106781186548,0.707106781186547));
#3904=CARTESIAN_POINT('',(4.0,6.01040764008565,-6.01040764008566));
#3905=DIRECTION('',(0.0,-0.707106781186547,0.707106781186548));
#3906=DIRECTION('',(0.0,0.707106781186548,0.707106781186547));
#3907=PRESENTATION_LAYER_ASSIGNMENT('','',(#32,#34,#36,#38,#40,#78,#79,#80,#81,#82,#83,#84,#85,#86,#87,#88,#89,#90,#91,#92,#93,#94,#95,#96,#97,#98,#99,#100,#101,#102,#103,#104,#105,#106,#107,#108,#109,#110,#111,#112,#113,#114,#115,#116,#117,#118,#119,#120,#121,#122,#123,#124,#125,#126,#127,#128,#129,#130,#131,#132,#133,#134,#135,#136,#137,#138,#139,#140,#141,#142,#143,#144,#145,#146,#147,#148,#149,#150,#151,#152,#153,#154,#155,#156,#157,#158,#159,#160,#161,#162,#163,#164,#165,#166,#167,#168,#169,#170,#171,#172,#173,#174,#175,#176,#177,#178,#179,#180,#181,#182,#183,#184,#185,#186,#187,#188,#189,#190,#191,#192,#193,#194,#195,#1603,#1604,#1605,#1606,#1607,#1608,#1609,#1610,#1611,#1612,#1613,#1614,#1615,#1616,#1617,#1618,#1619,#1620,#1621,#1622,#1623,#1624,#1625,#1626,#1627,#1628,#1629,#1630,#1631,#1632,#1633,#1634,#1635,#1636,#1637,#1638,#1639,#1640,#1641,#1642,#1643,#1644,#1645,#1646,#1647,#1648,#1649,#1650,#1651,#1652,#1653,#1654,#1655,#1656,#1657,#1658,#1659,#1660,#1661,#1662,#1663,#1664,#1665,#1666,#1667,#1668,#1669,#1670,#1671,#1672,#1673,#1674,#1675,#1676,#1677,#1678,#1679,#1680,#1681,#1682,#1683,#1684,#1685,#1686,#1687,#1688,#1689,#1690,#1691,#1692,#1693,#1694,#1695,#1696,#1697,#1698,#1699,#1700,#1701,#1702,#1703,#1704,#1705,#1706,#1707,#1708,#1709,#1710,#1711,#1712,#1713,#1714,#1715,#1716,#1717,#1718,#1719,#1720,#1721,#1722,#1723,#1724,#1725,#1726,#1727,#1728,#1729,#1730,#1731,#1732,#1733,#1734,#1735,#1736,#1737,#1738,#1739,#1740,#1741,#1742,#1743,#1744,#1745,#1746,#1747,#1748,#1749,#1750,#1751,#1752,#1753,#1754,#1755,#1756,#1757,#1758,#1759,#1760,#1761,#1762,#1763,#1764,#1765,#1766,#1767,#1768,#1769,#1770,#1771,#1772,#1773,#1774,#1775,#1776,#1777,#1778,#1779,#1780,#1781,#1782,#1783,#1784,#1785,#1786,#1787,#1788,#1789,#1790,#1791,#1792,#1793,#1794,#1795,#1796,#1797,#1798,#1799,#1800,#1801,#1802,#1803,#1804,#1805,#1806,#1807,#1808,#1809,#1810,#1811,#1812,#1813,#1814,#1815,#1816,#1817,#1818,#1819,#1820,#1821,#1822,#1823,#1824,#1825,#1826,#1827,#1828,#1829,#1830,#1831,#1832,#1833,#1834,#1835,#1836,#1837,#1838,#1839,#1840,#1841,#1842,#1843,#1844,#1845,#1846,#1847,#1848,#1849,#1850,#1851,#1852,#1853,#1854,#1855,#1856,#1857,#1858,#1859,#1860,#1861,#1862,#1863,#1864,#1866,#1868,#1870,#1873,#1874,#1876,#1878,#1880,#1883,#1884,#1886,#1888,#1890,#1894,#1898,#1902,#1905,#1907,#1909,#1912,#1914,#1917,#1918,#1920,#1922,#1924,#1927,#1929,#1931,#1933,#1936,#1937,#1939,#1943,#1944,#1946,#1948,#1950,#1954,#1957,#1959,#1962,#1964,#1966,#1970,#1973,#1975,#1978,#1993,#1994,#1996,#1998,#2000,#2004,#2007,#2009,#2012,#2014,#2016,#2019,#2020,#2022,#2026,#2027,#2029,#2031,#2033,#2036,#2038,#2040,#2042,#2045,#2047,#2049,#2059,#2060,#2062,#2064,#2067,#2068,#2070,#2072,#2075,#2076,#2078,#2080,#2083,#2084,#2086,#2088,#2091,#2092,#2094,#2096,#2099,#2101,#2105,#2107,#2121,#2122,#2124,#2126,#2129,#2130,#2132,#2134,#2137,#2138,#2140,#2142,#2145,#2146,#2148,#2150,#2153,#2154,#2156,#2158,#2161,#2163,#2167,#2169,#2183,#2184,#2186,#2188,#2191,#2192,#2194,#2196,#2199,#2200,#2202,#2204,#2207,#2208,#2210,#2212,#2215,#2216,#2218,#2220,#2223,#2224,#2226,#2228,#2231,#2232,#2234,#2236,#2239,#2240,#2242,#2244,#2247,#2248,#2251,#2252,#2255,#2256,#2259,#2260,#2263,#2264,#2267,#2268,#2271,#2272,#2275,#2276));
ENDSEC;
END-ISO-10303-21;
